gbifID	datasetKey	occurrenceID	kingdom	phylum	class	order	family	genus	species	infraspecificEpithet	taxonRank	scientificName	verbatimScientificName	verbatimScientificNameAuthorship	countryCode	locality	stateProvince	occurrenceStatus	individualCount	publishingOrgKey	decimalLatitude	decimalLongitude	coordinateUncertaintyInMeters	coordinatePrecision	elevation	elevationAccuracy	depth	depthAccuracy	eventDate	day	month	year	taxonKey	speciesKey	basisOfRecord	institutionCode	collectionCode	catalogNumber	recordNumber	identifiedBy	dateIdentified	license	rightsHolder	recordedBy	typeStatus	establishmentMeans	lastInterpreted	mediaType	issue
4443251282	5b1129a0-0461-46e5-a55c-9195be29c0ff	87397a2d-9f71-4571-8ca8-06ea68deec77	Plantae	Tracheophyta	Magnoliopsida	Laurales	Lauraceae	Ocotea	Ocotea porphyria		SPECIES	Cinnamomum porphyrium (Griseb.) Kosterm.	Cinnamomum porphyrium	(Griseb.) Kosterm.	AR		Salta	PRESENT		2d6267a0-0561-11d8-b851-b8a03c50a862													4180943	7871169	PRESERVED_SPECIMEN	UT	Botany	UT0011294				CC_BY_4_0	Natural History Museum of Utah				2024-04-29T09:05:58.514Z	StillImage	CONTINENT_DERIVED_FROM_COUNTRY;TAXON_MATCH_TAXON_ID_IGNORED;AMBIGUOUS_INSTITUTION
416884454	f5de707d-eba1-4f1a-b1df-1a7fa27b1bc7		Plantae	Tracheophyta	Magnoliopsida	Laurales	Lauraceae	Ocotea	Ocotea porphyria		SPECIES	Cinnamomum porphyrium (Griseb.) Kosterm.	Cinnamomum porphyrium (Griseb.) Kosterm.		AR		-	PRESENT		b6f05cf0-43ce-11d9-8439-b8a03c50a862													4180943	7871169	PRESERVED_SPECIMEN	SI	HERB	44009		-		CC_BY_4_0		Venturi, S.			2024-04-28T15:29:54.356Z		CONTINENT_DERIVED_FROM_COUNTRY;COLLECTION_MATCH_NONE;INSTITUTION_MATCH_FUZZY
416884435	f5de707d-eba1-4f1a-b1df-1a7fa27b1bc7		Plantae	Tracheophyta	Magnoliopsida	Laurales	Lauraceae	Ocotea	Ocotea porphyria		SPECIES	Cinnamomum porphyrium (Griseb.) Kosterm.	Cinnamomum porphyrium (Griseb.) Kosterm		AR	Sierra de Zapla, Mina 9 de Octubre, Cerro de la Cruz	Jujuy	PRESENT		b6f05cf0-43ce-11d9-8439-b8a03c50a862	-24.24	-65.08											4180943	7871169	PRESERVED_SPECIMEN	SI	HERB	243723		Cabrera, A. L.		CC_BY_4_0		Cabrera, A. L.			2024-04-28T15:29:54.569Z		GEODETIC_DATUM_ASSUMED_WGS84;CONTINENT_DERIVED_FROM_COORDINATES;COLLECTION_MATCH_NONE;INSTITUTION_MATCH_FUZZY
416884374	f5de707d-eba1-4f1a-b1df-1a7fa27b1bc7		Plantae	Tracheophyta	Magnoliopsida	Laurales	Lauraceae	Ocotea	Ocotea porphyria		SPECIES	Cinnamomum porphyrium (Griseb.) Kosterm.	Cinammomum porphyrium (Griseb.) Kosterm.		AR	33.3 km de campamento Vespucio camino a El Chorrito, Sa. de Tartagal	Salta	PRESENT		b6f05cf0-43ce-11d9-8439-b8a03c50a862	-22.67	-63.65											4180943	7871169	PRESERVED_SPECIMEN	SI	HERB	39727		Cialdella, A. M.		CC_BY_4_0		Morrone, O.			2024-04-28T15:29:54.422Z		GEODETIC_DATUM_ASSUMED_WGS84;CONTINENT_DERIVED_FROM_COORDINATES;TAXON_MATCH_FUZZY;COLLECTION_MATCH_NONE;INSTITUTION_MATCH_FUZZY
416884372	f5de707d-eba1-4f1a-b1df-1a7fa27b1bc7		Plantae	Tracheophyta	Magnoliopsida	Laurales	Lauraceae	Ocotea	Ocotea porphyria		SPECIES	Cinnamomum porphyrium (Griseb.) Kosterm.	Cinnamomum porphyrium (Griseb.) Kosterm.		AR	47 km de Piquirenda , 7 km de El Chorrito	Salta	PRESENT		b6f05cf0-43ce-11d9-8439-b8a03c50a862	-22.67	-63.65											4180943	7871169	PRESERVED_SPECIMEN	SI	HERB	39683		Cialdella, A. M.		CC_BY_4_0		Morrone, O.			2024-04-28T15:29:54.569Z		GEODETIC_DATUM_ASSUMED_WGS84;CONTINENT_DERIVED_FROM_COORDINATES;COLLECTION_MATCH_NONE;INSTITUTION_MATCH_FUZZY
416884367	f5de707d-eba1-4f1a-b1df-1a7fa27b1bc7		Plantae	Tracheophyta	Magnoliopsida	Laurales	Lauraceae	Ocotea	Ocotea porphyria		SPECIES	Cinnamomum porphyrium (Griseb.) Kosterm.	Cinammomum porphyrium (Griseb.) Kosterm.		AR	Ruta Prov. 18, alrededores de Isla de Cañas	Salta	PRESENT		b6f05cf0-43ce-11d9-8439-b8a03c50a862	-23.37	-64.22											4180943	7871169	PRESERVED_SPECIMEN	SI	HERB	39523		Cialdella, A. M.		CC_BY_4_0		Morrone, O.			2024-04-28T15:29:54.484Z		GEODETIC_DATUM_ASSUMED_WGS84;CONTINENT_DERIVED_FROM_COORDINATES;TAXON_MATCH_FUZZY;COLLECTION_MATCH_NONE;INSTITUTION_MATCH_FUZZY
416884334	f5de707d-eba1-4f1a-b1df-1a7fa27b1bc7		Plantae	Tracheophyta	Magnoliopsida	Laurales	Lauraceae	Ocotea	Ocotea porphyria		SPECIES	Cinnamomum porphyrium (Griseb.) Kosterm.	Cinammomum porphyrium (Griseb.) Kosterm.		AR	20 km de Piquirenda camino a San Pedrito, 10 km de el Charrito, Sa. de Tartagal	Salta	PRESENT		b6f05cf0-43ce-11d9-8439-b8a03c50a862	-22.67	-63.65											4180943	7871169	PRESERVED_SPECIMEN	SI	HERB	39667		Cialdella, A. M.		CC_BY_4_0		Morrone, O.			2024-04-28T15:29:54.384Z		GEODETIC_DATUM_ASSUMED_WGS84;CONTINENT_DERIVED_FROM_COORDINATES;TAXON_MATCH_FUZZY;COLLECTION_MATCH_NONE;INSTITUTION_MATCH_FUZZY
416884295	f5de707d-eba1-4f1a-b1df-1a7fa27b1bc7		Plantae	Tracheophyta	Magnoliopsida	Laurales	Lauraceae	Ocotea	Ocotea porphyria		SPECIES	Cinnamomum porphyrium (Griseb.) Kosterm.	Cinnamomum porphyrium (Griseb.) Kosterm		AR	27 km al NW del cruce de la RN 34 en direcc. a Acambuco.	Salta	PRESENT		b6f05cf0-43ce-11d9-8439-b8a03c50a862	-22.25	-63.85											4180943	7871169	PRESERVED_SPECIMEN	BAB	HERB	118201		Fortunato, R. H.		CC_BY_4_0		Fortunato, R. H.			2024-04-28T15:29:54.483Z		GEODETIC_DATUM_ASSUMED_WGS84;CONTINENT_DERIVED_FROM_COORDINATES;COLLECTION_MATCH_NONE;INSTITUTION_MATCH_FUZZY
416884238	f5de707d-eba1-4f1a-b1df-1a7fa27b1bc7		Plantae	Tracheophyta	Magnoliopsida	Laurales	Lauraceae	Ocotea	Ocotea porphyria		SPECIES	Cinnamomum porphyrium (Griseb.) Kosterm.	Cinnamomum porphyrium (Griseb.) Kosterm		AR	Mina 9 de Octubre	Jujuy	PRESENT		b6f05cf0-43ce-11d9-8439-b8a03c50a862	-24.25	-65.09											4180943	7871169	PRESERVED_SPECIMEN	SI	HERB	243708		Cabrera, A. L.		CC_BY_4_0		Cabrera, A. L.			2024-04-28T15:29:54.351Z		GEODETIC_DATUM_ASSUMED_WGS84;CONTINENT_DERIVED_FROM_COORDINATES;COLLECTION_MATCH_NONE;INSTITUTION_MATCH_FUZZY
4062164343	e053ff53-c156-4e2e-b9b5-4462e9625424	urn:catalog:MO:Tropicos:102082898	Plantae	Tracheophyta	Magnoliopsida	Laurales	Lauraceae	Ocotea	Ocotea porphyria		SPECIES	Cinnamomum porphyrium (Griseb.) Kosterm.	Cinnamomum porphyrium (Griseb.) Kosterm.	(Griseb.) Kosterm.	AR	Camino a Acambuco, 3-5 km al oeste de Fátima, a mitad de camino entre Tartagal y Aguaray	Salta	PRESENT		90fd6680-349f-11d8-aa2d-b8a03c50a862					525.0	25.0			1999-10-12	12	10	1999	4180943	7871169	PRESERVED_SPECIMEN	CORD	Tropicos	102082898	Tolaba 2163	Tolaba, J. A.	1999-01-01T00:00:00	CC_BY_4_0	Missouri Botanical Garden	Julio A. Tolaba			2024-03-18T20:57:04.510Z		TAXON_MATCH_TAXON_ID_IGNORED;COLLECTION_MATCH_NONE;INSTITUTION_MATCH_FUZZY;DIFFERENT_OWNER_INSTITUTION
4061478418	e053ff53-c156-4e2e-b9b5-4462e9625424	urn:catalog:MO:Tropicos:102332838	Plantae	Tracheophyta	Magnoliopsida	Laurales	Lauraceae	Ocotea	Ocotea porphyria		SPECIES	Cinnamomum porphyrium (Griseb.) Kosterm.	Cinnamomum porphyrium (Griseb.) Kosterm.	(Griseb.) Kosterm.	BO	Aprox. a 6 km de la escuela de entierrillos, en le serranía del Iñao. Ladera superior, con orientación NW, en la serrania del Iñao. Bosque rico en Meliaceas, Juglandaceas, Lauraceas y epifítas.	Chuquisaca	PRESENT		90fd6680-349f-11d8-aa2d-b8a03c50a862	-19.51666	-63.86666			1620.0				2003-12-19	19	12	2003	4180943	7871169	PRESERVED_SPECIMEN	HSB	Tropicos	102332838	Carretero 1011	M. Serrano (HSB)	2004-01-01T00:00:00	CC_BY_4_0	Missouri Botanical Garden	A. Carretero;Julia Gutiérrez R.;H. Huaylla;R. León;E. Portal			2024-03-18T20:55:49.660Z		GEODETIC_DATUM_ASSUMED_WGS84;TAXON_MATCH_TAXON_ID_IGNORED;COLLECTION_MATCH_NONE;INSTITUTION_MATCH_FUZZY;DIFFERENT_OWNER_INSTITUTION
4061459688	e053ff53-c156-4e2e-b9b5-4462e9625424	urn:catalog:MO:Tropicos:102406234	Plantae	Tracheophyta	Magnoliopsida	Laurales	Lauraceae	Ocotea	Ocotea porphyria		SPECIES	Cinnamomum porphyrium (Griseb.) Kosterm.	Cinnamomum porphyrium (Griseb.) Kosterm.	(Griseb.) Kosterm.	BO	Ca. de la Comunidad de Las Abras. Camino hacia la comunidad de Manzanal. Pendiente superior cerro Arbolito. Bosque semideciduo estacional Tucumano-Boliviano, piso inferior, en transición con Bosque deciduo Chaco Serrano. Presencia dominante de Cedrela lilloi, Juglans australis, Chrysophyllum gonocarpum, Cupania vernalis y en el sotobosque con Acanthaceas, Rubiaceas, Helechos y musgos epífitos. Doseles de 14 m en promedio. Suelos rícos en materia orgánica.	Chuquisaca	PRESENT		90fd6680-349f-11d8-aa2d-b8a03c50a862	-21.08055	-64.33833			1478.0				2005-10-28	28	10	2005	4180943	7871169	PRESERVED_SPECIMEN	HSB	Tropicos	102406234	Lozano 1533	H. van der Werff (MO)	2008-01-01T00:00:00	CC_BY_4_0	Missouri Botanical Garden	Reinaldo Lozano			2024-03-18T20:57:07.233Z		GEODETIC_DATUM_ASSUMED_WGS84;TAXON_MATCH_TAXON_ID_IGNORED;COLLECTION_MATCH_NONE;INSTITUTION_MATCH_FUZZY;DIFFERENT_OWNER_INSTITUTION
4061418558	e053ff53-c156-4e2e-b9b5-4462e9625424	urn:catalog:MO:Tropicos:101972961	Plantae	Tracheophyta	Magnoliopsida	Laurales	Lauraceae	Ocotea	Ocotea porphyria		SPECIES	Cinnamomum porphyrium (Griseb.) Kosterm.	Cinnamomum porphyrium (Griseb.) Kosterm.	(Griseb.) Kosterm.	AR	near Siambón and La Cruz.	Tucumán	PRESENT	1	90fd6680-349f-11d8-aa2d-b8a03c50a862									1872-12-22	22	12	1872	4180943	7871169	PRESERVED_SPECIMEN	GOET	Tropicos	101972961	Hieronymus 48			CC_BY_4_0	Missouri Botanical Garden	G. Hieronymus;P.G. Lorentz	HOLOTYPE		2024-03-18T20:54:21.612Z		TAXON_MATCH_TAXON_ID_IGNORED;OCCURRENCE_STATUS_INFERRED_FROM_INDIVIDUAL_COUNT;COLLECTION_MATCH_NONE;INSTITUTION_MATCH_FUZZY;DIFFERENT_OWNER_INSTITUTION
4060935499	e053ff53-c156-4e2e-b9b5-4462e9625424	urn:catalog:MO:Tropicos:102406338	Plantae	Tracheophyta	Magnoliopsida	Laurales	Lauraceae	Ocotea	Ocotea porphyria		SPECIES	Cinnamomum porphyrium (Griseb.) Kosterm.	Cinnamomum porphyrium (Griseb.) Kosterm.	(Griseb.) Kosterm.	BO	Comunidad Nuevo Mundo. Alrededores de la comunidad. Camino a Vallegrande. Piso Superior Tucumano-Boliviano. Bosque húmedo de neblina con dominancia de Myrcianthes pseudomato y Cedrela lilloi.	Chuquisaca	PRESENT		90fd6680-349f-11d8-aa2d-b8a03c50a862	-18.98583	-64.29027			2026.0				2005-11-29	29	11	2005	4180943	7871169	PRESERVED_SPECIMEN	HSB	Tropicos	102406338	Villalobos 433	H. van der Werff (MO)	2008-01-01T00:00:00	CC_BY_4_0	Missouri Botanical Garden	Jeaneth Villalobos			2024-03-18T20:54:31.417Z		GEODETIC_DATUM_ASSUMED_WGS84;TAXON_MATCH_TAXON_ID_IGNORED;COLLECTION_MATCH_NONE;INSTITUTION_MATCH_FUZZY;DIFFERENT_OWNER_INSTITUTION
4060915924	e053ff53-c156-4e2e-b9b5-4462e9625424	urn:catalog:MO:Tropicos:102406336	Plantae	Tracheophyta	Magnoliopsida	Laurales	Lauraceae	Ocotea	Ocotea porphyria		SPECIES	Cinnamomum porphyrium (Griseb.) Kosterm.	Cinnamomum porphyrium (Griseb.) Kosterm.	(Griseb.) Kosterm.	BO	Comunidad Nuevo Mundo. Alrededores de la comunidad. Camino a Vallegrande. Piso Superior Tucumano-Boliviano. Bosque húmedo de neblina con dominancia de Myrcianthes pseudomato y Cedrela lilloi.	Chuquisaca	PRESENT		90fd6680-349f-11d8-aa2d-b8a03c50a862	-18.98583	-64.29027			2026.0				2005-11-29	29	11	2005	4180943	7871169	PRESERVED_SPECIMEN	MA	Tropicos	102406336	Villalobos 433	H. van der Werff (MO)	2008-01-01T00:00:00	CC_BY_4_0	Missouri Botanical Garden	Jeaneth Villalobos			2024-03-18T20:55:50.765Z		GEODETIC_DATUM_ASSUMED_WGS84;TAXON_MATCH_TAXON_ID_IGNORED;COLLECTION_MATCH_NONE;INSTITUTION_MATCH_FUZZY;DIFFERENT_OWNER_INSTITUTION
4060885354	e053ff53-c156-4e2e-b9b5-4462e9625424	urn:catalog:MO:Tropicos:102333186	Plantae	Tracheophyta	Magnoliopsida	Laurales	Lauraceae	Ocotea	Ocotea porphyria		SPECIES	Cinnamomum porphyrium (Griseb.) Kosterm.	Cinnamomum porphyrium (Griseb.) Kosterm.	(Griseb.) Kosterm.	BO	Aprox. a 1/2 hora del camino que conduce a la comunidad de Puca Pampa, trayecto a la casa de don Domingo. Fragmento de bosque estacionalmente nublado, que se distribuye en toda la quebrada que baja hacia el río, Presencia de Cinnamomum, Myrcianthes, Erythrina.	Chuquisaca	PRESENT		90fd6680-349f-11d8-aa2d-b8a03c50a862	-19.06472	-64.26055			2050.0				2004-05-14	14	5	2004	4180943	7871169	PRESERVED_SPECIMEN	HSB	Tropicos	102333186	Gutiérrez Romero 698			CC_BY_4_0	Missouri Botanical Garden	Julia Gutiérrez R.			2024-03-18T20:54:30.674Z		GEODETIC_DATUM_ASSUMED_WGS84;TAXON_MATCH_TAXON_ID_IGNORED;COLLECTION_MATCH_NONE;INSTITUTION_MATCH_FUZZY;DIFFERENT_OWNER_INSTITUTION
4032123490	7bd65a7a-f762-11e1-a439-00145eb45e9a	urn:catalog:MO:Tropicos:102406233	Plantae	Tracheophyta	Magnoliopsida	Laurales	Lauraceae	Ocotea	Ocotea porphyria		SPECIES	Cinnamomum porphyrium (Griseb.) Kosterm.	Cinnamomum porphyrium (Griseb.) Kosterm.	(Griseb.) Kosterm.	BO	Ca. de la Comunidad de Las Abras. Camino hacia la comunidad de Manzanal. Pendiente superior cerro Arbolito. Bosque semideciduo estacional Tucumano-Boliviano, piso inferior, en transición con Bosque deciduo Chaco Serrano. Presencia dominante de Cedrela lilloi, Juglans australis, Chrysophyllum gonocarpum, Cupania vernalis y en el sotobosque con Acanthaceas, Rubiaceas, Helechos y musgos epífitos. Doseles de 14 m en promedio. Suelos rícos en materia orgánica.	Chuquisaca	PRESENT		90fd6680-349f-11d8-aa2d-b8a03c50a862	-21.08055	-64.33833			1478.0				2005-10-28	28	10	2005	4180943	7871169	PRESERVED_SPECIMEN	MO	Tropicos	102406233	Lozano 1533	H. van der Werff (MO)	2008-01-01T00:00:00	CC_BY_4_0	Missouri Botanical Garden	Reinaldo Lozano			2024-03-18T20:16:30.053Z		GEODETIC_DATUM_ASSUMED_WGS84;TAXON_MATCH_TAXON_ID_IGNORED;COLLECTION_MATCH_NONE;INSTITUTION_MATCH_FUZZY
4031826421	7bd65a7a-f762-11e1-a439-00145eb45e9a	urn:catalog:MO:Tropicos:102406337	Plantae	Tracheophyta	Magnoliopsida	Laurales	Lauraceae	Ocotea	Ocotea porphyria		SPECIES	Cinnamomum porphyrium (Griseb.) Kosterm.	Cinnamomum porphyrium (Griseb.) Kosterm.	(Griseb.) Kosterm.	BO	Comunidad Nuevo Mundo. Alrededores de la comunidad. Camino a Vallegrande. Piso Superior Tucumano-Boliviano. Bosque húmedo de neblina con dominancia de Myrcianthes pseudomato y Cedrela lilloi.	Chuquisaca	PRESENT		90fd6680-349f-11d8-aa2d-b8a03c50a862	-18.98583	-64.29027			2026.0				2005-11-29	29	11	2005	4180943	7871169	PRESERVED_SPECIMEN	MO	Tropicos	102406337	Villalobos 433	H. van der Werff (MO)	2008-01-01T00:00:00	CC_BY_4_0	Missouri Botanical Garden	Jeaneth Villalobos			2024-03-18T20:16:28.394Z		GEODETIC_DATUM_ASSUMED_WGS84;TAXON_MATCH_TAXON_ID_IGNORED;COLLECTION_MATCH_NONE;INSTITUTION_MATCH_FUZZY
4031556537	7bd65a7a-f762-11e1-a439-00145eb45e9a	urn:catalog:MO:Tropicos:102121892	Plantae	Tracheophyta	Magnoliopsida	Laurales	Lauraceae	Ocotea	Ocotea porphyria		SPECIES	Cinnamomum porphyrium (Griseb.) Kosterm.	Cinnamomum porphyrium (Griseb.) Kosterm.	(Griseb.) Kosterm.	AR	27 km al NW del cruce de la RN 34 en direcc. a Acambuco.	Salta	PRESENT		90fd6680-349f-11d8-aa2d-b8a03c50a862	-22.25	-63.85							2001-03-10	10	3	2001	4180943	7871169	PRESERVED_SPECIMEN	MO	Tropicos	102121892	Fortunato 7070	Fortunato, R. H.	2001-01-01T00:00:00	CC_BY_4_0	Missouri Botanical Garden	Renée H. Fortunato;J.A. Greppi;Robert Neumann;Ricardo Micheli			2024-03-18T20:16:25.557Z		GEODETIC_DATUM_ASSUMED_WGS84;TAXON_MATCH_TAXON_ID_IGNORED;COLLECTION_MATCH_NONE;INSTITUTION_MATCH_FUZZY
4031513097	7bd65a7a-f762-11e1-a439-00145eb45e9a	urn:catalog:MO:Tropicos:101972962	Plantae	Tracheophyta	Magnoliopsida	Laurales	Lauraceae	Ocotea	Ocotea porphyria		SPECIES	Cinnamomum porphyrium (Griseb.) Kosterm.	Cinnamomum porphyrium (Griseb.) Kosterm.	(Griseb.) Kosterm.	AR	near Siambón and La Cruz.	Tucumán	PRESENT	1	90fd6680-349f-11d8-aa2d-b8a03c50a862									1872-12-22	22	12	1872	4180943	7871169	PRESERVED_SPECIMEN	MO	Tropicos	101972962	Hieronymus 48			CC_BY_4_0	Missouri Botanical Garden	G. Hieronymus;P.G. Lorentz			2024-03-18T20:18:45.578Z		TAXON_MATCH_TAXON_ID_IGNORED;OCCURRENCE_STATUS_INFERRED_FROM_INDIVIDUAL_COUNT;COLLECTION_MATCH_NONE;INSTITUTION_MATCH_FUZZY
233815668	ad9599c0-16f7-11df-b5b3-b8a03c50a862		Plantae	Tracheophyta	Magnoliopsida	Laurales	Lauraceae	Ocotea	Ocotea porphyria		SPECIES	Cinnamomum porphyrium (Griseb.) Kosterm.	Cinnamomum porphyrium	(Griseb.) Kosterm.	AR	Loma del Anta, nacientes Rio Zanjon Seco	Jujuy	PRESENT		979dd240-16f7-11df-b5b3-b8a03c50a862					0.0	0.0	0.0	0.0					4180943	7871169	HUMAN_OBSERVATION	APN-AR	FUENTES	TOLABA, 1999C-19718-1				CC_BY_4_0					2024-05-12T20:46:32.876Z		RECORDED_DATE_INVALID
233815667	ad9599c0-16f7-11df-b5b3-b8a03c50a862		Plantae	Tracheophyta	Magnoliopsida	Laurales	Lauraceae	Ocotea	Ocotea porphyria		SPECIES	Cinnamomum porphyrium (Griseb.) Kosterm.	Cinnamomum porphyrium	(Griseb.) Kosterm.	AR	Cachi	Salta	PRESENT		979dd240-16f7-11df-b5b3-b8a03c50a862					0.0	0.0	0.0	0.0					4180943	7871169	HUMAN_OBSERVATION	APN-AR	FUENTES	RAMOS, 1984A-19718-2				CC_BY_4_0					2024-05-12T20:46:32.908Z		RECORDED_DATE_INVALID
233815666	ad9599c0-16f7-11df-b5b3-b8a03c50a862		Plantae	Tracheophyta	Magnoliopsida	Laurales	Lauraceae	Ocotea	Ocotea porphyria		SPECIES	Cinnamomum porphyrium (Griseb.) Kosterm.	Cinnamomum porphyrium	(Griseb.) Kosterm.	AR	Camino a Pozo Verde	Salta	PRESENT		979dd240-16f7-11df-b5b3-b8a03c50a862					0.0	0.0	0.0	0.0					4180943	7871169	HUMAN_OBSERVATION	APN-AR	FUENTES	RAMOS, 1984A-19718-1				CC_BY_4_0					2024-05-12T20:46:32.878Z		RECORDED_DATE_INVALID
233815657	ad9599c0-16f7-11df-b5b3-b8a03c50a862		Plantae	Tracheophyta	Magnoliopsida	Laurales	Lauraceae	Ocotea	Ocotea porphyria		SPECIES	Cinnamomum porphyrium (Griseb.) Kosterm.	Cinnamomum porphyrium	(Griseb.) Kosterm.	AR	Nacientes del Ao. Santelmita	Salta	PRESENT		979dd240-16f7-11df-b5b3-b8a03c50a862					900.0	0.0	0.0	0.0					4180943	7871169	HUMAN_OBSERVATION	APN-AR	FUENTES	HEINONEN FORTABAT Y GIL, S/F-19718-1				CC_BY_4_0					2024-05-12T20:46:32.890Z		RECORDED_DATE_INVALID
233815652	ad9599c0-16f7-11df-b5b3-b8a03c50a862		Plantae	Tracheophyta	Magnoliopsida	Laurales	Lauraceae	Ocotea	Ocotea porphyria		SPECIES	Cinnamomum porphyrium (Griseb.) Kosterm.	Cinnamomum porphyrium	(Griseb.) Kosterm.	AR	Sendero a Pozo Verde (1)	Salta	PRESENT		979dd240-16f7-11df-b5b3-b8a03c50a862					0.0	0.0	0.0	0.0					4180943	7871169	HUMAN_OBSERVATION	APN-AR	FUENTES	GRAU, 2000-19718-1				CC_BY_4_0					2024-05-12T20:46:32.889Z		RECORDED_DATE_INVALID
233815641	ad9599c0-16f7-11df-b5b3-b8a03c50a862		Plantae	Tracheophyta	Magnoliopsida	Laurales	Lauraceae	Ocotea	Ocotea porphyria		SPECIES	Cinnamomum porphyrium (Griseb.) Kosterm.	Cinnamomum porphyrium	(Griseb.) Kosterm.	AR	Desembocadura del Ao. Santelmita	Salta	PRESENT		979dd240-16f7-11df-b5b3-b8a03c50a862					700.0	0.0	0.0	0.0					4180943	7871169	HUMAN_OBSERVATION	APN-AR	FUENTES	CARRIZO Y GIL, S/F-19718-1				CC_BY_4_0					2024-05-12T20:46:32.610Z		RECORDED_DATE_INVALID
233815640	ad9599c0-16f7-11df-b5b3-b8a03c50a862		Plantae	Tracheophyta	Magnoliopsida	Laurales	Lauraceae	Ocotea	Ocotea porphyria		SPECIES	Cinnamomum porphyrium (Griseb.) Kosterm.	Cinnamomum porphyrium	(Griseb.) Kosterm.	AR	Sendero Ao. La Sala	Salta	PRESENT		979dd240-16f7-11df-b5b3-b8a03c50a862					0.0	0.0	0.0	0.0					4180943	7871169	HUMAN_OBSERVATION	APN-AR	FUENTES	BLENDINGER, 1994-19718-1				CC_BY_4_0					2024-05-12T20:46:32.610Z		RECORDED_DATE_INVALID
233815628	ad9599c0-16f7-11df-b5b3-b8a03c50a862		Plantae	Tracheophyta	Magnoliopsida	Laurales	Lauraceae	Ocotea	Ocotea porphyria		SPECIES	Cinnamomum porphyrium (Griseb.) Kosterm.	Cinnamomum porphyrium	(Griseb.) Kosterm.	AR	HORCO MOLLE	Tucuman	PRESENT		979dd240-16f7-11df-b5b3-b8a03c50a862					0.0	0.0	0.0	0.0					4180943	7871169	HUMAN_OBSERVATION	APN-AR	FUENTES	SIROMBRA, 1988-19718-1				CC_BY_4_0					2024-05-12T20:46:32.613Z		RECORDED_DATE_INVALID
233815622	ad9599c0-16f7-11df-b5b3-b8a03c50a862		Plantae	Tracheophyta	Magnoliopsida	Laurales	Lauraceae	Ocotea	Ocotea porphyria		SPECIES	Cinnamomum porphyrium (Griseb.) Kosterm.	Cinnamomum porphyrium	(Griseb.) Kosterm.	AR	Valle del Ro. Huaico Chico, Los Toldos	Salta	PRESENT		979dd240-16f7-11df-b5b3-b8a03c50a862					1550.0	0.0	0.0	0.0					4180943	7871169	HUMAN_OBSERVATION	APN-AR	FUENTES	PINAZO ET AL., 2003-19718-1				CC_BY_4_0					2024-05-12T20:46:32.614Z		RECORDED_DATE_INVALID
233815599	ad9599c0-16f7-11df-b5b3-b8a03c50a862		Plantae	Tracheophyta	Magnoliopsida	Laurales	Lauraceae	Ocotea	Ocotea porphyria		SPECIES	Cinnamomum porphyrium (Griseb.) Kosterm.	Cinnamomum porphyrium	(Griseb.) Kosterm.	AR	SAN JAVIER	Tucuman	PRESENT		979dd240-16f7-11df-b5b3-b8a03c50a862					0.0	0.0	0.0	0.0					4180943	7871169	HUMAN_OBSERVATION	APN-AR	FUENTES	EASDALE, 2006-19718-1				CC_BY_4_0					2024-05-12T20:46:32.679Z		RECORDED_DATE_INVALID
233815598	ad9599c0-16f7-11df-b5b3-b8a03c50a862		Plantae	Tracheophyta	Magnoliopsida	Laurales	Lauraceae	Ocotea	Ocotea porphyria		SPECIES	Cinnamomum porphyrium (Griseb.) Kosterm.	Cinnamomum porphyrium	(Griseb.) Kosterm.	AR	Los Toldos	Salta	PRESENT		979dd240-16f7-11df-b5b3-b8a03c50a862					0.0	0.0	0.0	0.0					4180943	7871169	HUMAN_OBSERVATION	APN-AR	FUENTES	EASDALE, 2006-19718-2				CC_BY_4_0					2024-05-12T20:46:32.679Z		RECORDED_DATE_INVALID
233815597	ad9599c0-16f7-11df-b5b3-b8a03c50a862		Plantae	Tracheophyta	Magnoliopsida	Laurales	Lauraceae	Ocotea	Ocotea porphyria		SPECIES	Cinnamomum porphyrium (Griseb.) Kosterm.	Cinnamomum porphyrium	(Griseb.) Kosterm.	AR	SIERRA DE SAN JAVIER	Tucuman	PRESENT		979dd240-16f7-11df-b5b3-b8a03c50a862					0.0	0.0	0.0	0.0					4180943	7871169	HUMAN_OBSERVATION	APN-AR	FUENTES	VIDES-ALMONACID, 2001-19718-1				CC_BY_4_0					2024-05-12T20:46:32.681Z		RECORDED_DATE_INVALID
233815596	ad9599c0-16f7-11df-b5b3-b8a03c50a862		Plantae	Tracheophyta	Magnoliopsida	Laurales	Lauraceae	Ocotea	Ocotea porphyria		SPECIES	Cinnamomum porphyrium (Griseb.) Kosterm.	Cinnamomum porphyrium	(Griseb.) Kosterm.	AR	Co. El Chañar	Salta	PRESENT		979dd240-16f7-11df-b5b3-b8a03c50a862					0.0	0.0	0.0	0.0					4180943	7871169	HUMAN_OBSERVATION	APN-AR	FUENTES	PETER, 2003-19718-1				CC_BY_4_0					2024-05-12T20:46:32.678Z		RECORDED_DATE_INVALID
233815588	ad9599c0-16f7-11df-b5b3-b8a03c50a862		Plantae	Tracheophyta	Magnoliopsida	Laurales	Lauraceae	Ocotea	Ocotea porphyria		SPECIES	Cinnamomum porphyrium (Griseb.) Kosterm.	Cinnamomum porphyrium	(Griseb.) Kosterm.	AR	Valle de los Toldos	Salta	PRESENT		979dd240-16f7-11df-b5b3-b8a03c50a862					0.0	0.0	0.0	0.0					4180943	7871169	HUMAN_OBSERVATION	APN-AR	FUENTES	BROWN Y GRAU, 1999-19718-1				CC_BY_4_0					2024-05-12T20:46:32.685Z		RECORDED_DATE_INVALID
233815587	ad9599c0-16f7-11df-b5b3-b8a03c50a862		Plantae	Tracheophyta	Magnoliopsida	Laurales	Lauraceae	Ocotea	Ocotea porphyria		SPECIES	Cinnamomum porphyrium (Griseb.) Kosterm.	Cinnamomum porphyrium	(Griseb.) Kosterm.	AR	RESERVA EL NOGALAR	Salta	PRESENT		979dd240-16f7-11df-b5b3-b8a03c50a862					0.0	0.0	0.0	0.0					4180943	7871169	HUMAN_OBSERVATION	APN-AR	FUENTES	BROWN Y GRAU, 1999-19718-2				CC_BY_4_0					2024-05-12T20:46:32.687Z		RECORDED_DATE_INVALID
233815583	ad9599c0-16f7-11df-b5b3-b8a03c50a862		Plantae	Tracheophyta	Magnoliopsida	Laurales	Lauraceae	Ocotea	Ocotea porphyria		SPECIES	Cinnamomum porphyrium (Griseb.) Kosterm.	Cinnamomum porphyrium	(Griseb.) Kosterm.	AR	Parque Biológico Sierra de San Javier	Tucuman	PRESENT		979dd240-16f7-11df-b5b3-b8a03c50a862					0.0	0.0	0.0	0.0					4180943	7871169	HUMAN_OBSERVATION	APN-AR	FUENTES	ARAGON, 2000-19718-1				CC_BY_4_0					2024-05-12T20:46:32.683Z		RECORDED_DATE_INVALID
233815582	ad9599c0-16f7-11df-b5b3-b8a03c50a862		Plantae	Tracheophyta	Magnoliopsida	Laurales	Lauraceae	Ocotea	Ocotea porphyria		SPECIES	Cinnamomum porphyrium (Griseb.) Kosterm.	Cinnamomum porphyrium	(Griseb.) Kosterm.	AR	SAN JAVIER	Tucuman	PRESENT		979dd240-16f7-11df-b5b3-b8a03c50a862					0.0	0.0	0.0	0.0					4180943	7871169	HUMAN_OBSERVATION	APN-AR	FUENTES	ARAGON Y MORALES, 2003-19718-1				CC_BY_4_0					2024-05-12T20:46:32.687Z		RECORDED_DATE_INVALID
233815578	ad9599c0-16f7-11df-b5b3-b8a03c50a862		Plantae	Tracheophyta	Magnoliopsida	Laurales	Lauraceae	Ocotea	Ocotea porphyria		SPECIES	Cinnamomum porphyrium (Griseb.) Kosterm.	Cinnamomum porphyrium	(Griseb.) Kosterm.	AR	SIERRA DE SAN JAVIER	Tucuman	PRESENT		979dd240-16f7-11df-b5b3-b8a03c50a862					0.0	0.0	0.0	0.0					4180943	7871169	HUMAN_OBSERVATION	APN-AR	FUENTES	PACHECO Y GRAU, 1997-19718-1				CC_BY_4_0					2024-05-12T20:46:32.694Z		RECORDED_DATE_INVALID
233815573	ad9599c0-16f7-11df-b5b3-b8a03c50a862		Plantae	Tracheophyta	Magnoliopsida	Laurales	Lauraceae	Ocotea	Ocotea porphyria		SPECIES	Cinnamomum porphyrium (Griseb.) Kosterm.	Cinnamomum porphyrium	(Griseb.) Kosterm.	AR	SIERRA DE SAN JAVIER	Tucuman	PRESENT		979dd240-16f7-11df-b5b3-b8a03c50a862					0.0	0.0	0.0	0.0					4180943	7871169	HUMAN_OBSERVATION	APN-AR	FUENTES	HUNZINGER, 1995-19718-1				CC_BY_4_0					2024-05-12T20:46:32.692Z		RECORDED_DATE_INVALID
233815566	ad9599c0-16f7-11df-b5b3-b8a03c50a862		Plantae	Tracheophyta	Magnoliopsida	Laurales	Lauraceae	Ocotea	Ocotea porphyria		SPECIES	Cinnamomum porphyrium (Griseb.) Kosterm.	Cinnamomum porphyrium	(Griseb.) Kosterm.	AR	SIERRA DE SAN JAVIER	Tucuman	PRESENT		979dd240-16f7-11df-b5b3-b8a03c50a862					0.0	0.0	0.0	0.0					4180943	7871169	HUMAN_OBSERVATION	APN-AR	FUENTES	GRAU ET AL., 1997-19718-1				CC_BY_4_0					2024-05-12T20:46:32.649Z		RECORDED_DATE_INVALID
233815565	ad9599c0-16f7-11df-b5b3-b8a03c50a862		Plantae	Tracheophyta	Magnoliopsida	Laurales	Lauraceae	Ocotea	Ocotea porphyria		SPECIES	Cinnamomum porphyrium (Griseb.) Kosterm.	Cinnamomum porphyrium	(Griseb.) Kosterm.	AR	Nacientes del Ao. Santelmita	Salta	PRESENT		979dd240-16f7-11df-b5b3-b8a03c50a862					920.0	0.0	0.0	0.0					4180943	7871169	HUMAN_OBSERVATION	APN-AR	FUENTES	GIL Y HEINONEN, 2003-19718-1				CC_BY_4_0					2024-05-12T20:46:32.649Z		RECORDED_DATE_INVALID
233815559	ad9599c0-16f7-11df-b5b3-b8a03c50a862		Plantae	Tracheophyta	Magnoliopsida	Laurales	Lauraceae	Ocotea	Ocotea porphyria		SPECIES	Cinnamomum porphyrium (Griseb.) Kosterm.	Cinnamomum porphyrium	(Griseb.) Kosterm.	AR	LA FLORIDA	Tucuman	PRESENT		979dd240-16f7-11df-b5b3-b8a03c50a862					0.0	0.0	0.0	0.0					4180943	7871169	HUMAN_OBSERVATION	APN-AR	FUENTES	AYARDE, 1995-19718-1				CC_BY_4_0					2024-05-12T20:46:32.659Z		RECORDED_DATE_INVALID
233815542	ad9599c0-16f7-11df-b5b3-b8a03c50a862		Plantae	Tracheophyta	Magnoliopsida	Laurales	Lauraceae	Ocotea	Ocotea porphyria		SPECIES	Cinnamomum porphyrium (Griseb.) Kosterm.	Cinnamomum porphyrium	(Griseb.) Kosterm.	AR	Loma del Anta	Jujuy	PRESENT		979dd240-16f7-11df-b5b3-b8a03c50a862					0.0	0.0	0.0	0.0					4180943	7871169	HUMAN_OBSERVATION	APN-AR	FUENTES	PEROVIC ET AL., 2002-19718-3				CC_BY_4_0					2024-05-12T20:46:32.665Z		RECORDED_DATE_INVALID
233815541	ad9599c0-16f7-11df-b5b3-b8a03c50a862		Plantae	Tracheophyta	Magnoliopsida	Laurales	Lauraceae	Ocotea	Ocotea porphyria		SPECIES	Cinnamomum porphyrium (Griseb.) Kosterm.	Cinnamomum porphyrium	(Griseb.) Kosterm.	AR	Ao. del Medio	Jujuy	PRESENT		979dd240-16f7-11df-b5b3-b8a03c50a862					0.0	0.0	0.0	0.0					4180943	7871169	HUMAN_OBSERVATION	APN-AR	FUENTES	PEROVIC ET AL., 2002-19718-2				CC_BY_4_0					2024-05-12T20:46:32.667Z		RECORDED_DATE_INVALID
233815540	ad9599c0-16f7-11df-b5b3-b8a03c50a862		Plantae	Tracheophyta	Magnoliopsida	Laurales	Lauraceae	Ocotea	Ocotea porphyria		SPECIES	Cinnamomum porphyrium (Griseb.) Kosterm.	Cinnamomum porphyrium	(Griseb.) Kosterm.	AR	Ao. Pantanoso 1	Jujuy	PRESENT		979dd240-16f7-11df-b5b3-b8a03c50a862					0.0	0.0	0.0	0.0					4180943	7871169	HUMAN_OBSERVATION	APN-AR	FUENTES	PEROVIC ET AL., 2002-19718-1				CC_BY_4_0					2024-05-12T20:46:32.664Z		RECORDED_DATE_INVALID
233815539	ad9599c0-16f7-11df-b5b3-b8a03c50a862		Plantae	Tracheophyta	Magnoliopsida	Laurales	Lauraceae	Ocotea	Ocotea porphyria		SPECIES	Cinnamomum porphyrium (Griseb.) Kosterm.	Cinnamomum porphyrium	(Griseb.) Kosterm.	AR	Loma del Anta	Jujuy	PRESENT		979dd240-16f7-11df-b5b3-b8a03c50a862					0.0	0.0	0.0	0.0					4180943	7871169	HUMAN_OBSERVATION	APN-AR	FUENTES	PEROVIC ET AL., 2000-19718-2				CC_BY_4_0					2024-05-12T20:46:32.670Z		RECORDED_DATE_INVALID
233815538	ad9599c0-16f7-11df-b5b3-b8a03c50a862		Plantae	Tracheophyta	Magnoliopsida	Laurales	Lauraceae	Ocotea	Ocotea porphyria		SPECIES	Cinnamomum porphyrium (Griseb.) Kosterm.	Cinnamomum porphyrium	(Griseb.) Kosterm.	AR	Ao. del Medio	Jujuy	PRESENT		979dd240-16f7-11df-b5b3-b8a03c50a862					0.0	0.0	0.0	0.0					4180943	7871169	HUMAN_OBSERVATION	APN-AR	FUENTES	PEROVIC ET AL., 2000-19718-3				CC_BY_4_0					2024-05-12T20:46:32.667Z		RECORDED_DATE_INVALID
233815537	ad9599c0-16f7-11df-b5b3-b8a03c50a862		Plantae	Tracheophyta	Magnoliopsida	Laurales	Lauraceae	Ocotea	Ocotea porphyria		SPECIES	Cinnamomum porphyrium (Griseb.) Kosterm.	Cinnamomum porphyrium	(Griseb.) Kosterm.	AR	Ao. Pantanoso	Jujuy	PRESENT		979dd240-16f7-11df-b5b3-b8a03c50a862					0.0	0.0	0.0	0.0					4180943	7871169	HUMAN_OBSERVATION	APN-AR	FUENTES	PEROVIC ET AL., 2000-19718-1				CC_BY_4_0					2024-05-12T20:46:32.676Z		RECORDED_DATE_INVALID
233815530	ad9599c0-16f7-11df-b5b3-b8a03c50a862		Plantae	Tracheophyta	Magnoliopsida	Laurales	Lauraceae	Ocotea	Ocotea porphyria		SPECIES	Cinnamomum porphyrium (Griseb.) Kosterm.	Cinnamomum porphyrium	(Griseb.) Kosterm.	AR	Piscicultura	Tucuman	PRESENT		979dd240-16f7-11df-b5b3-b8a03c50a862					0.0	0.0	0.0	0.0					4180943	7871169	HUMAN_OBSERVATION	APN-AR	FUENTES	MEYER, 1963-19718-2				CC_BY_4_0					2024-05-12T20:46:32.675Z		RECORDED_DATE_INVALID
233815529	ad9599c0-16f7-11df-b5b3-b8a03c50a862		Plantae	Tracheophyta	Magnoliopsida	Laurales	Lauraceae	Ocotea	Ocotea porphyria		SPECIES	Cinnamomum porphyrium (Griseb.) Kosterm.	Cinnamomum porphyrium	(Griseb.) Kosterm.	AR	Entre Puestos Santa Rosa y Las Pavas	Tucuman	PRESENT		979dd240-16f7-11df-b5b3-b8a03c50a862					0.0	0.0	0.0	0.0					4180943	7871169	HUMAN_OBSERVATION	APN-AR	FUENTES	MEYER, 1963-19718-1				CC_BY_4_0					2024-05-12T20:46:32.516Z		RECORDED_DATE_INVALID
233815514	ad9599c0-16f7-11df-b5b3-b8a03c50a862		Plantae	Tracheophyta	Magnoliopsida	Laurales	Lauraceae	Ocotea	Ocotea porphyria		SPECIES	Cinnamomum porphyrium (Griseb.) Kosterm.	Cinnamomum porphyrium	(Griseb.) Kosterm.	AR	Ao. Los Noques	Salta	PRESENT		979dd240-16f7-11df-b5b3-b8a03c50a862					0.0	0.0	0.0	0.0					4180943	7871169	HUMAN_OBSERVATION	APN-AR	FUENTES	GIL, 1996H-19718-1				CC_BY_4_0					2024-05-12T20:46:32.521Z		RECORDED_DATE_INVALID
233815471	ad9599c0-16f7-11df-b5b3-b8a03c50a862		Plantae	Tracheophyta	Magnoliopsida	Laurales	Lauraceae	Ocotea	Ocotea porphyria		SPECIES	Cinnamomum porphyrium (Griseb.) Kosterm.	Cinnamomum porphyrium	(Griseb.) Kosterm.	AR	Horco Molle	Tucuman	PRESENT		979dd240-16f7-11df-b5b3-b8a03c50a862					720.0	0.0	0.0	0.0					4180943	7871169	HUMAN_OBSERVATION	APN-AR	FUENTES	BUSTOS, 1995-19718-1				CC_BY_4_0					2024-05-12T20:46:32.599Z		RECORDED_DATE_INVALID
233815469	ad9599c0-16f7-11df-b5b3-b8a03c50a862		Plantae	Tracheophyta	Magnoliopsida	Laurales	Lauraceae	Ocotea	Ocotea porphyria		SPECIES	Cinnamomum porphyrium (Griseb.) Kosterm.	Cinnamomum porphyrium	(Griseb.) Kosterm.	AR	SIERRA DE SAN JAVIER	Tucuman	PRESENT		979dd240-16f7-11df-b5b3-b8a03c50a862					0.0	0.0	0.0	0.0					4180943	7871169	HUMAN_OBSERVATION	APN-AR	FUENTES	BOLETTA ET AL., 1995-19718-1				CC_BY_4_0					2024-05-12T20:46:32.601Z		RECORDED_DATE_INVALID
2270515056	e05fd4c2-4d77-4c50-880e-1b22096af300	a13c9f8f-6abc-49f2-b953-82b1ccf4ce9f	Plantae	Tracheophyta	Magnoliopsida	Laurales	Lauraceae	Ocotea	Ocotea porphyria		SPECIES	Cinnamomum porphyrium (Griseb.) Kosterm.	Cinnamomum porphyrium	(Griseb.) Kosterm.	AR	Arvoreta de ca. 3, Argentina, Salta estrada para isla de ias Cañas.	Salta	PRESENT		814cdfb5-d4f8-4453-815f-ea5df98e76bf	-22.9389	-64.7278			800.0				2007-12-03	3	12	2007	4180943	7871169	PRESERVED_SPECIMEN	ASU	Plants	ASU0024900	13361	Salan, Aoberto		CC_BY_4_0		Queiroz; L. P. de, E. Cabral, R. Salas, E. B.Souza			2024-05-16T05:56:45.944Z	StillImage	GEODETIC_DATUM_ASSUMED_WGS84;CONTINENT_DERIVED_FROM_COORDINATES;TAXON_MATCH_TAXON_ID_IGNORED;INSTITUTION_MATCH_FUZZY;COLLECTION_MATCH_FUZZY
1883252620	39d0651c-12d5-4b6e-a816-1cf9228e7f23	Cinnamomum_po;1;RHLCOS;2014	Plantae	Tracheophyta	Magnoliopsida	Laurales	Lauraceae	Ocotea	Ocotea porphyria		SPECIES	Cinnamomum porphyrium (Griseb.) Kosterm.	Cinnamomum  porphyrium (Griseb.)Kosterm	(Griseb.)Kosterm	AR	Las Costas-Sobre Ruta	Salta	PRESENT	1	b8001e86-dc20-4820-a4b2-c16b84fe93e8	-24.769	-65.546							2014-01-15	15	1	2014	4180943	7871169	LIVING_SPECIMEN	RCDNAT-2012-669	BGEN	Cinnamomum_po;RHLCOS;2014;Acc_3		de Viana Marta; Barboza Anabel; Giamminola Eugenia; Tapia Mayra	2014-01-15T00:00:00	CC_BY_4_0				native	2024-04-29T09:18:04.155Z		GEODETIC_DATUM_ASSUMED_WGS84;MODIFIED_DATE_INVALID;INSTITUTION_MATCH_NONE
1883252601	39d0651c-12d5-4b6e-a816-1cf9228e7f23	Cinnamomum_po;1;QdaLAUS;2016	Plantae	Tracheophyta	Magnoliopsida	Laurales	Lauraceae	Ocotea	Ocotea porphyria		SPECIES	Cinnamomum porphyrium (Griseb.) Kosterm.	Cinnamomum  porphyrium (Griseb.)Kosterm	(Griseb.)Kosterm	AR	Quebrada de Los Laureles	Salta	PRESENT	1	b8001e86-dc20-4820-a4b2-c16b84fe93e8	-25.105	-65.6							2016-01-05	5	1	2016	4180943	7871169	LIVING_SPECIMEN	RCDNAT-2012-670	BGEN	Cinnamomum_po;QdaLAU;2016;Pto_1		de Viana Marta; Cornejo Isabel; Barbosa Anabel	2016-01-05T00:00:00	CC_BY_4_0				native	2024-04-29T09:18:03.656Z		GEODETIC_DATUM_ASSUMED_WGS84;MODIFIED_DATE_INVALID;INSTITUTION_MATCH_NONE
1883252599	39d0651c-12d5-4b6e-a816-1cf9228e7f23	Cinnamomum_po;2;LCA;2009	Plantae	Tracheophyta	Magnoliopsida	Laurales	Lauraceae	Ocotea	Ocotea porphyria		SPECIES	Cinnamomum porphyrium (Griseb.) Kosterm.	Cinnamomum  porphyrium (Griseb.)Kosterm	(Griseb.)Kosterm	AR	Camino a Cornisa Salta-Jujuy (33.5 Km. de la unsa)	Salta	PRESENT	2	b8001e86-dc20-4820-a4b2-c16b84fe93e8	-24.05	-65.019							2009-01-07	7	1	2009	4180943	7871169	LIVING_SPECIMEN	RCDNAT-2012-669	BGEN	Cinnamomum_po;LCA;2009;Acc_1		de Viana Marta; Giamminola Eugenia; Díaz Rita	2009-01-07T00:00:00	CC_BY_4_0				native	2024-04-29T09:18:04.166Z		GEODETIC_DATUM_ASSUMED_WGS84;MODIFIED_DATE_INVALID;INSTITUTION_MATCH_NONE
1883252595	39d0651c-12d5-4b6e-a816-1cf9228e7f23	Cinnamomum_po;1;SLA;2010	Plantae	Tracheophyta	Magnoliopsida	Laurales	Lauraceae	Ocotea	Ocotea porphyria		SPECIES	Cinnamomum porphyrium (Griseb.) Kosterm.	Cinnamomum  porphyrium (Griseb.)Kosterm	(Griseb.)Kosterm	AR	Entrando por el camino que rodea Finca Las Costas	Salta	PRESENT	1	b8001e86-dc20-4820-a4b2-c16b84fe93e8	-24.761	-65.507							2010-03-12	12	3	2010	4180943	7871169	LIVING_SPECIMEN	RCDNAT-2012-669	BGEN	Cinnamomum_po;SLA;2010;Acc_2		de Viana Marta; Giamminola Eugenia; Díaz Rita	2010-03-12T00:00:00	CC_BY_4_0				native	2024-04-29T09:18:04.260Z		GEODETIC_DATUM_ASSUMED_WGS84;MODIFIED_DATE_INVALID;INSTITUTION_MATCH_NONE
1883252587	39d0651c-12d5-4b6e-a816-1cf9228e7f23	Cinnamomum_po;4;LCA;2009	Plantae	Tracheophyta	Magnoliopsida	Laurales	Lauraceae	Ocotea	Ocotea porphyria		SPECIES	Cinnamomum porphyrium (Griseb.) Kosterm.	Cinnamomum  porphyrium (Griseb.)Kosterm	(Griseb.)Kosterm	AR	Camino a Cornisa Salta-Jujuy (38.5 Km. de la unsa)	Salta	PRESENT	4	b8001e86-dc20-4820-a4b2-c16b84fe93e8	-24.036	-65.019							2009-01-07	7	1	2009	4180943	7871169	LIVING_SPECIMEN	RCDNAT-2012-669	BGEN	Cinnamomum_po;LCA;2009;Acc_1		de Viana Marta; Giamminola Eugenia; Díaz Rita	2009-01-07T00:00:00	CC_BY_4_0				native	2024-04-29T09:18:03.564Z		GEODETIC_DATUM_ASSUMED_WGS84;MODIFIED_DATE_INVALID;INSTITUTION_MATCH_NONE
1883252582	39d0651c-12d5-4b6e-a816-1cf9228e7f23	Cinnamomum_po;1;LCA;2009	Plantae	Tracheophyta	Magnoliopsida	Laurales	Lauraceae	Ocotea	Ocotea porphyria		SPECIES	Cinnamomum porphyrium (Griseb.) Kosterm.	Cinnamomum  porphyrium (Griseb.)Kosterm	(Griseb.)Kosterm	AR	Camino a Cornisa Salta-Jujuy (33 Km. de la unsa)	Salta	PRESENT	1	b8001e86-dc20-4820-a4b2-c16b84fe93e8	-24.05	-65.019							2009-01-07	7	1	2009	4180943	7871169	LIVING_SPECIMEN	RCDNAT-2012-669	BGEN	Cinnamomum_po;LCA;2009;Acc_1		de Viana Marta; Giamminola Eugenia; Díaz Rita	2009-01-07T00:00:00	CC_BY_4_0				native	2024-04-29T09:18:03.553Z		GEODETIC_DATUM_ASSUMED_WGS84;MODIFIED_DATE_INVALID;INSTITUTION_MATCH_NONE
1883252565	39d0651c-12d5-4b6e-a816-1cf9228e7f23	Cinnamomum_po;3;LCA;2009	Plantae	Tracheophyta	Magnoliopsida	Laurales	Lauraceae	Ocotea	Ocotea porphyria		SPECIES	Cinnamomum porphyrium (Griseb.) Kosterm.	Cinnamomum  porphyrium (Griseb.)Kosterm	(Griseb.)Kosterm	AR	Camino a Cornisa Salta-Jujuy (35.2 Km. de la unsa)	Salta	PRESENT	3	b8001e86-dc20-4820-a4b2-c16b84fe93e8	-24.036	-65.019							2009-01-07	7	1	2009	4180943	7871169	LIVING_SPECIMEN	RCDNAT-2012-669	BGEN	Cinnamomum_po;LCA;2009;Acc_1		de Viana Marta; Giamminola Eugenia; Díaz Rita	2009-01-07T00:00:00	CC_BY_4_0				native	2024-04-29T09:18:04.272Z		GEODETIC_DATUM_ASSUMED_WGS84;MODIFIED_DATE_INVALID;INSTITUTION_MATCH_NONE
1260864253	e053ff53-c156-4e2e-b9b5-4462e9625424	urn:catalog:MO:Tropicos:3446044	Plantae	Tracheophyta	Magnoliopsida	Laurales	Lauraceae	Ocotea	Ocotea porphyria		SPECIES	Cinnamomum porphyrium (Griseb.) Kosterm.	Cinnamomum porphyrium (Griseb.) Kosterm.	(Griseb.) Kosterm.	BO	Comunidad Nuevo Mundo. Alrededores de la comunidad. Camino a Vallegrande. Piso Superior Tucumano-Boliviano. Bosque húmedo de neblina con dominancia de Myrcianthes pseudomato y Cedrela lilloi.	Chuquisaca	PRESENT		90fd6680-349f-11d8-aa2d-b8a03c50a862	-18.98583	-64.29027			2026.0				2005-11-29	29	11	2005	4180943	7871169	PRESERVED_SPECIMEN	Z	Tropicos	3446044	Villalobos 433	H. van der Werff (MO)	2008-01-01T00:00:00	CC_BY_4_0	Missouri Botanical Garden	Jeaneth Villalobos			2024-03-18T20:56:39.483Z		GEODETIC_DATUM_ASSUMED_WGS84;TAXON_MATCH_TAXON_ID_IGNORED;COLLECTION_MATCH_NONE;INSTITUTION_MATCH_FUZZY;DIFFERENT_OWNER_INSTITUTION
1260864176	e053ff53-c156-4e2e-b9b5-4462e9625424	urn:catalog:MO:Tropicos:3445853	Plantae	Tracheophyta	Magnoliopsida	Laurales	Lauraceae	Ocotea	Ocotea porphyria		SPECIES	Cinnamomum porphyrium (Griseb.) Kosterm.	Cinnamomum porphyrium (Griseb.) Kosterm.	(Griseb.) Kosterm.	BO	Ca. de la Comunidad de Las Abras. Camino hacia la comunidad de Manzanal. Pendiente superior cerro Arbolito. Bosque semideciduo estacional Tucumano-Boliviano, piso inferior, en transición con Bosque deciduo Chaco Serrano. Presencia dominante de Cedrela lilloi, Juglans australis, Chrysophyllum gonocarpum, Cupania vernalis y en el sotobosque con Acanthaceas, Rubiaceas, Helechos y musgos epífitos. Doseles de 14 m en promedio. Suelos rícos en materia orgánica.	Chuquisaca	PRESENT		90fd6680-349f-11d8-aa2d-b8a03c50a862	-21.08055	-64.33833			1478.0				2005-10-28	28	10	2005	4180943	7871169	PRESERVED_SPECIMEN	MA	Tropicos	3445853	Lozano 1533	H. van der Werff (MO)	2008-01-01T00:00:00	CC_BY_4_0	Missouri Botanical Garden	Reinaldo Lozano			2024-03-18T20:55:19.899Z		GEODETIC_DATUM_ASSUMED_WGS84;TAXON_MATCH_TAXON_ID_IGNORED;COLLECTION_MATCH_NONE;INSTITUTION_MATCH_FUZZY;DIFFERENT_OWNER_INSTITUTION
1260852479	7bd65a7a-f762-11e1-a439-00145eb45e9a	urn:catalog:MO:Tropicos:3435271	Plantae	Tracheophyta	Magnoliopsida	Laurales	Lauraceae	Ocotea	Ocotea porphyria		SPECIES	Cinnamomum porphyrium (Griseb.) Kosterm.	Cinnamomum porphyrium (Griseb.) Kosterm.	(Griseb.) Kosterm.	BO	Mun. Villa Serrano. Comunidad El Temporal. Bosque Subandino subhúmedo caducifolio con Astronium urundeuva, Myroxylon peruiferum y ocasional Amburana cearensis.	Chuquisaca	PRESENT		90fd6680-349f-11d8-aa2d-b8a03c50a862	-19.05194	-64.15527			1697.0				2005-11-25	25	11	2005	4180943	7871169	PRESERVED_SPECIMEN	MO	Tropicos	3435271	Villalobos 243	M. Serrano		CC_BY_4_0	Missouri Botanical Garden	Jeaneth Villalobos			2024-03-18T20:17:49.633Z		GEODETIC_DATUM_ASSUMED_WGS84;TAXON_MATCH_TAXON_ID_IGNORED;COLLECTION_MATCH_NONE;INSTITUTION_MATCH_FUZZY
1260851089	7bd65a7a-f762-11e1-a439-00145eb45e9a	urn:catalog:MO:Tropicos:3434081	Plantae	Tracheophyta	Magnoliopsida	Laurales	Lauraceae	Ocotea	Ocotea porphyria		SPECIES	Cinnamomum porphyrium (Griseb.) Kosterm.	Cinnamomum porphyrium (Griseb.) Kosterm.	(Griseb.) Kosterm.	BO	Serrania San Alberto, Pozo Petrolero SAL X 11. Bosque Tucumano Boliviano, árboles altos y muchos bejucos.	Tarija	PRESENT		90fd6680-349f-11d8-aa2d-b8a03c50a862									2001-01-15	15	1	2001	4180943	7871169	PRESERVED_SPECIMEN	MO	Tropicos	3434081	Michel 2910	R. de Michel	2001-01-01T00:00:00	CC_BY_4_0	Missouri Botanical Garden	R. Chávez de Michel			2024-03-18T20:17:50.046Z		TAXON_MATCH_TAXON_ID_IGNORED;COLLECTION_MATCH_NONE;INSTITUTION_MATCH_FUZZY
1260791486	7bd65a7a-f762-11e1-a439-00145eb45e9a	urn:catalog:MO:Tropicos:3380127	Plantae	Tracheophyta	Magnoliopsida	Laurales	Lauraceae	Ocotea	Ocotea porphyria		SPECIES	Cinnamomum porphyrium (Griseb.) Kosterm.	Cinnamomum porphyrium (Griseb.) Kosterm.	(Griseb.) Kosterm.	BO	Parque Nacional y Area de Manejo Integrado ''Serranía del Iñao''. Comunidad Ticucha. Pendiente superior de la serranía del Iñao. Margen izquierdo del Río Jarca Mayu Grande. áreas con influencia de neblina. Bosque semisiempre-verde con muchos individuos de Juglans sp. y Cedrela sp. Altura máxima de dosel 30 m, con escasos árboles emergentes de diametros> de 50 cm.	Chuquisaca	PRESENT		90fd6680-349f-11d8-aa2d-b8a03c50a862	-19.57833	-63.89555			1479.0				2003-03-14	14	3	2003	4180943	7871169	PRESERVED_SPECIMEN	MO	Tropicos	3380127	Serrano 4098	M. Serrano	2003-01-01T00:00:00	CC_BY_4_0	Missouri Botanical Garden	Martha Serrano;I. Llanos;Jeaneth Villalobos			2024-03-18T20:15:31.951Z		GEODETIC_DATUM_ASSUMED_WGS84;TAXON_MATCH_TAXON_ID_IGNORED;COLLECTION_MATCH_NONE;INSTITUTION_MATCH_FUZZY
1260788284	7bd65a7a-f762-11e1-a439-00145eb45e9a	urn:catalog:MO:Tropicos:3377316	Plantae	Tracheophyta	Magnoliopsida	Laurales	Lauraceae	Ocotea	Ocotea porphyria		SPECIES	Cinnamomum porphyrium (Griseb.) Kosterm.	Cinnamomum porphyrium (Griseb.) Kosterm.	(Griseb.) Kosterm.	BO	Parque Nacional y Area de Manejo Integrado ''Serranía del Iñao''. Comunidad Entierillos. Subiendo al Alto Iñao de Entierillos. Exposición W de la Serranía del Iñao. Aprox 1000 m al S de la laguna Iñao. Bosque semisiempreverde, con fuerte influencia de neblinas constantes. dominado en las pediente superiores por sahuintales (Myrcianthes pseudomato). Sotobosque denso.	Chuquisaca	PRESENT		90fd6680-349f-11d8-aa2d-b8a03c50a862	-19.555	-63.91472			1600.0				2003-04-26	26	4	2003	4180943	7871169	PRESERVED_SPECIMEN	MO	Tropicos	3377316	Serrano 4222	M. Serrano	2003-01-01T00:00:00	CC_BY_4_0	Missouri Botanical Garden	Martha Serrano;Jeaneth Villalobos			2024-03-18T20:15:28.611Z		GEODETIC_DATUM_ASSUMED_WGS84;TAXON_MATCH_TAXON_ID_IGNORED;COLLECTION_MATCH_NONE;INSTITUTION_MATCH_FUZZY
1260775706	e053ff53-c156-4e2e-b9b5-4462e9625424	urn:catalog:MO:Tropicos:3365970	Plantae	Tracheophyta	Magnoliopsida	Laurales	Lauraceae	Ocotea	Ocotea porphyria		SPECIES	Cinnamomum porphyrium (Griseb.) Kosterm.	Cinnamomum porphyrium (Griseb.) Kosterm.	(Griseb.) Kosterm.	BO	Aproximadamente a 1/2 hora del camino que conduce a la comunidad de Pupa Pampa, trayecto a la casa de don Domingo. Fragmento de bosque estacionalmente nublado, que se distribuye en toda la quebrada que baja hacia el rio, presencia de Cinnamomun, Myrcianthes, Erythrina. Especie frecuente en medio de gramineas.	Chuquisaca	PRESENT		90fd6680-349f-11d8-aa2d-b8a03c50a862	-19.06472	-64.32722			2050.0				2004-05-14	14	5	2004	4180943	7871169	PRESERVED_SPECIMEN	HSB	Tropicos	3365970	Gutiérrez Romero 698	Serrano, M.	2004-01-01T00:00:00	CC_BY_4_0	Missouri Botanical Garden	Julia Gutiérrez R.;Martha Serrano;E. Portal;Ariel Lliully;I. Guachalla;R. León			2024-03-18T20:55:11.053Z		GEODETIC_DATUM_ASSUMED_WGS84;TAXON_MATCH_TAXON_ID_IGNORED;COLLECTION_MATCH_NONE;INSTITUTION_MATCH_FUZZY;DIFFERENT_OWNER_INSTITUTION
1260646571	7bd65a7a-f762-11e1-a439-00145eb45e9a	urn:catalog:MO:Tropicos:3248800	Plantae	Tracheophyta	Magnoliopsida	Laurales	Lauraceae	Ocotea	Ocotea porphyria		SPECIES	Cinnamomum porphyrium (Griseb.) Kosterm.	Cinnamomum porphyrium (Griseb.) Kosterm.	(Griseb.) Kosterm.	BO	Aprox. a 1/2 hora del camino que conduce a la comunidad de Puca Pampa, trayecto a la casa de don Domingo. Fragmento de bosque estacionalmente nublado, que se distribuye en toda la quebrada que baja hacia el río, Presencia de Cinnamomum, Myrcianthes, Erythrina.	Chuquisaca	PRESENT		90fd6680-349f-11d8-aa2d-b8a03c50a862	-19.06472	-64.26055			2050.0				2004-05-14	14	5	2004	4180943	7871169	PRESERVED_SPECIMEN	MO	Tropicos	3248800	Gutiérrez Romero 698			CC_BY_4_0	Missouri Botanical Garden	Julia Gutiérrez R.			2024-03-18T20:17:47.770Z		GEODETIC_DATUM_ASSUMED_WGS84;TAXON_MATCH_TAXON_ID_IGNORED;COLLECTION_MATCH_NONE;INSTITUTION_MATCH_FUZZY
1260640952	7bd65a7a-f762-11e1-a439-00145eb45e9a	urn:catalog:MO:Tropicos:3243829	Plantae	Tracheophyta	Magnoliopsida	Laurales	Lauraceae	Ocotea	Ocotea porphyria		SPECIES	Cinnamomum porphyrium (Griseb.) Kosterm.	Cinnamomum porphyrium (Griseb.) Kosterm.	(Griseb.) Kosterm.	BO	Aprox. a 6 km de la escuela de entierrillos, en le serranía del Iñao. Ladera superior, con orientación NW, en la serrania del Iñao. Bosque rico en Meliaceas, Juglandaceas, Lauraceas y epifítas.	Chuquisaca	PRESENT		90fd6680-349f-11d8-aa2d-b8a03c50a862	-19.51666	-63.86666			1620.0				2003-12-19	19	12	2003	4180943	7871169	PRESERVED_SPECIMEN	MO	Tropicos	3243829	Carretero 1011	M. Serrano (HSB)	2004-01-01T00:00:00	CC_BY_4_0	Missouri Botanical Garden	A. Carretero;Julia Gutiérrez R.;H. Huaylla;R. León;E. Portal			2024-03-18T20:15:26.231Z		GEODETIC_DATUM_ASSUMED_WGS84;TAXON_MATCH_TAXON_ID_IGNORED;COLLECTION_MATCH_NONE;INSTITUTION_MATCH_FUZZY
1260512215	7bd65a7a-f762-11e1-a439-00145eb45e9a	urn:catalog:MO:Tropicos:3127353	Plantae	Tracheophyta	Magnoliopsida	Laurales	Lauraceae	Ocotea	Ocotea porphyria		SPECIES	Cinnamomum porphyrium (Griseb.) Kosterm.	Cinnamomum porphyrium (Griseb.) Kosterm.	(Griseb.) Kosterm.	AR	4 km S del Dique La Ciénga.	Jujuy	PRESENT		90fd6680-349f-11d8-aa2d-b8a03c50a862									1974			1974	4180943	7871169	PRESERVED_SPECIMEN	MO	Tropicos	3127353	Correa 6133	S. Tressens	1998-01-01T00:00:00	CC_BY_4_0	Missouri Botanical Garden	Maevia N. Correa			2024-03-18T20:15:26.681Z		TAXON_MATCH_TAXON_ID_IGNORED;COLLECTION_MATCH_NONE;INSTITUTION_MATCH_FUZZY
1259745327	e053ff53-c156-4e2e-b9b5-4462e9625424	urn:catalog:MO:Tropicos:2432037	Plantae	Tracheophyta	Magnoliopsida	Laurales	Lauraceae	Ocotea	Ocotea porphyria		SPECIES	Cinnamomum porphyrium (Griseb.) Kosterm.	Cinnamomum porphyrium (Griseb.) Kosterm.	(Griseb.) Kosterm.	AR	27 km al NW del cruce de la RN 34 en direcc. a Acambuco.	Salta	PRESENT		90fd6680-349f-11d8-aa2d-b8a03c50a862	-22.25	-63.85							2001-03-10	10	3	2001	4180943	7871169	PRESERVED_SPECIMEN	BAB	Tropicos	2432037	Fortunato 7070	Fortunato, R. H.	2001-01-01T00:00:00	CC_BY_4_0	Missouri Botanical Garden	Renée H. Fortunato;J.A. Greppi;Robert Neumann;Ricardo Micheli			2024-03-18T20:55:06.455Z		GEODETIC_DATUM_ASSUMED_WGS84;TAXON_MATCH_TAXON_ID_IGNORED;COLLECTION_MATCH_NONE;INSTITUTION_MATCH_FUZZY;DIFFERENT_OWNER_INSTITUTION
1259720028	e053ff53-c156-4e2e-b9b5-4462e9625424	urn:catalog:MO:Tropicos:2409136	Plantae	Tracheophyta	Magnoliopsida	Laurales	Lauraceae	Ocotea	Ocotea porphyria		SPECIES	Cinnamomum porphyrium (Griseb.) Kosterm.	Cinnamomum porphyrium (Griseb.) Kosterm.	(Griseb.) Kosterm.	AR			PRESENT		90fd6680-349f-11d8-aa2d-b8a03c50a862													4180943	7871169	PRESERVED_SPECIMEN	SI	Tropicos	2409136	Venturi 5848			CC_BY_4_0	Missouri Botanical Garden	Santiago Venturi			2024-03-18T20:56:35.304Z		TAXON_MATCH_TAXON_ID_IGNORED;COLLECTION_MATCH_NONE;INSTITUTION_MATCH_FUZZY;DIFFERENT_OWNER_INSTITUTION
1259645021	e053ff53-c156-4e2e-b9b5-4462e9625424	urn:catalog:MO:Tropicos:2340564	Plantae	Tracheophyta	Magnoliopsida	Laurales	Lauraceae	Ocotea	Ocotea porphyria		SPECIES	Cinnamomum porphyrium (Griseb.) Kosterm.	Cinnamomum porphyrium (Griseb.) Kosterm.	(Griseb.) Kosterm.	AR	47 km de Piquirenda , 7 km de El Chorrito	Salta	PRESENT		90fd6680-349f-11d8-aa2d-b8a03c50a862									2001-11-25	25	11	2001	4180943	7871169	PRESERVED_SPECIMEN	SI	Tropicos	2340564	Morrone 4097	Cialdella, A. M.	2002-01-01T00:00:00	CC_BY_4_0	Missouri Botanical Garden	Osvaldo Morrone;Norma B. Deginani;Sandra S. Aliscioni			2024-03-18T20:53:52.542Z		TAXON_MATCH_TAXON_ID_IGNORED;COLLECTION_MATCH_NONE;INSTITUTION_MATCH_FUZZY;DIFFERENT_OWNER_INSTITUTION
1259543371	e053ff53-c156-4e2e-b9b5-4462e9625424	urn:catalog:MO:Tropicos:2248542	Plantae	Tracheophyta	Magnoliopsida	Laurales	Lauraceae	Ocotea	Ocotea porphyria		SPECIES	Cinnamomum porphyrium (Griseb.) Kosterm.	Cinnamomum porphyrium (Griseb.) Kosterm.	(Griseb.) Kosterm.	AR	Camino a Acambuco, 3-5 km al oeste de Fátima, a mitad de camino entre Tartagal y Aguaray	Salta	PRESENT		90fd6680-349f-11d8-aa2d-b8a03c50a862					525.0	25.0			1999-10-12	12	10	1999	4180943	7871169	PRESERVED_SPECIMEN	MCNS	Tropicos	2248542	Tolaba 2163	Tolaba, J. A.	1999-01-01T00:00:00	CC_BY_4_0	Missouri Botanical Garden	Julio A. Tolaba			2024-03-18T20:53:49.549Z		TAXON_MATCH_TAXON_ID_IGNORED;COLLECTION_MATCH_NONE;INSTITUTION_MATCH_FUZZY;DIFFERENT_OWNER_INSTITUTION
1259133033	7bd65a7a-f762-11e1-a439-00145eb45e9a	urn:catalog:MO:Tropicos:1875974	Plantae	Tracheophyta	Magnoliopsida	Laurales	Lauraceae	Ocotea	Ocotea porphyria		SPECIES	Cinnamomum porphyrium (Griseb.) Kosterm.	Cinnamomum porphyrium (Griseb.) Kosterm.	(Griseb.) Kosterm.	AR	Dpto. La Caldera. Cerro del Túnel - Ruta 9 a Jujuy pasando el puente, donde se inicia el camino cornisa a La Caldera. [En cañodón.]	Salta	PRESENT		90fd6680-349f-11d8-aa2d-b8a03c50a862									1982-11-14	14	11	1982	4180943	7871169	PRESERVED_SPECIMEN	MO	Tropicos	1875974	Novara 2990			CC_BY_4_0	Missouri Botanical Garden	Lázaro J. Novara			2024-03-18T20:15:02.815Z		TAXON_MATCH_TAXON_ID_IGNORED;COLLECTION_MATCH_NONE;INSTITUTION_MATCH_FUZZY
1259133023	7bd65a7a-f762-11e1-a439-00145eb45e9a	urn:catalog:MO:Tropicos:1875959	Plantae	Tracheophyta	Magnoliopsida	Laurales	Lauraceae	Ocotea	Ocotea porphyria		SPECIES	Cinnamomum porphyrium (Griseb.) Kosterm.	Cinnamomum porphyrium (Griseb.) Kosterm.	(Griseb.) Kosterm.	AR	[Burroyaco]. Cerro del Campo. En selva quebrada.	Tucumán	PRESENT		90fd6680-349f-11d8-aa2d-b8a03c50a862					800.0				1928-11-04	4	11	1928	4180943	7871169	PRESERVED_SPECIMEN	MO	Tropicos	1875959	Venturi 7554			CC_BY_4_0	Missouri Botanical Garden	Santiago Venturi			2024-03-18T20:17:22.237Z		TAXON_MATCH_TAXON_ID_IGNORED;COLLECTION_MATCH_NONE;INSTITUTION_MATCH_FUZZY
1259133009	7bd65a7a-f762-11e1-a439-00145eb45e9a	urn:catalog:MO:Tropicos:1875975	Plantae	Tracheophyta	Magnoliopsida	Laurales	Lauraceae	Ocotea	Ocotea porphyria		SPECIES	Cinnamomum porphyrium (Griseb.) Kosterm.	Cinnamomum porphyrium (Griseb.) Kosterm.	(Griseb.) Kosterm.	AR	Dpto. Capital. Río Vaqueros, 3 Km. al W del puente Ruta 9; al borde de arroyo.	Salta	PRESENT		90fd6680-349f-11d8-aa2d-b8a03c50a862									1982-08-02	2	8	1982	4180943	7871169	PRESERVED_SPECIMEN	MO	Tropicos	1875975	Novara 2821			CC_BY_4_0	Missouri Botanical Garden	Lázaro J. Novara			2024-03-18T20:15:03.343Z		TAXON_MATCH_TAXON_ID_IGNORED;COLLECTION_MATCH_NONE;INSTITUTION_MATCH_FUZZY
1259133006	7bd65a7a-f762-11e1-a439-00145eb45e9a	urn:catalog:MO:Tropicos:1875972	Plantae	Tracheophyta	Magnoliopsida	Laurales	Lauraceae	Ocotea	Ocotea porphyria		SPECIES	Cinnamomum porphyrium (Griseb.) Kosterm.	Cinnamomum porphyrium (Griseb.) Kosterm.	(Griseb.) Kosterm.	AR	Dpto. Rosario de Lerma, ruta de San Antonio de las Cobres, km 29, en cruce estación Virrey Toledo.	Salta	PRESENT		90fd6680-349f-11d8-aa2d-b8a03c50a862					1620.0				1986-12-01	1	12	1986	4180943	7871169	PRESERVED_SPECIMEN	MO	Tropicos	1875972	Charpin 20738			CC_BY_4_0	Missouri Botanical Garden	André Charpin;Lázaro J. Novara			2024-03-18T20:15:02.790Z		TAXON_MATCH_TAXON_ID_IGNORED;COLLECTION_MATCH_NONE;INSTITUTION_MATCH_FUZZY
1259133002	7bd65a7a-f762-11e1-a439-00145eb45e9a	urn:catalog:MO:Tropicos:1875965	Plantae	Tracheophyta	Magnoliopsida	Laurales	Lauraceae	Ocotea	Ocotea porphyria		SPECIES	Cinnamomum porphyrium (Griseb.) Kosterm.	Cinnamomum porphyrium (Griseb.) Kosterm.	(Griseb.) Kosterm.	AR	Candelaria. Sierra de la Candelaria. En una quebrada.	Salta	PRESENT		90fd6680-349f-11d8-aa2d-b8a03c50a862					900.0				1929-09-23	23	9	1929	4180943	7871169	PRESERVED_SPECIMEN	MO	Tropicos	1875965	Venturi 9569			CC_BY_4_0	Missouri Botanical Garden	Santiago Venturi			2024-03-18T20:17:36.570Z		TAXON_MATCH_TAXON_ID_IGNORED;COLLECTION_MATCH_NONE;INSTITUTION_MATCH_FUZZY
1259133000	e053ff53-c156-4e2e-b9b5-4462e9625424	urn:catalog:MO:Tropicos:1875977	Plantae	Tracheophyta	Magnoliopsida	Laurales	Lauraceae	Ocotea	Ocotea porphyria		SPECIES	Cinnamomum porphyrium (Griseb.) Kosterm.	Cinnamomum porphyrium (Griseb.) Kosterm.	(Griseb.) Kosterm.	AR	near Siambón and La Cruz.	Tucumán	PRESENT	1	90fd6680-349f-11d8-aa2d-b8a03c50a862									1872-12-22	22	12	1872	4180943	7871169	PRESERVED_SPECIMEN	G	Tropicos	1875977	Hieronymus 48			CC_BY_4_0	Missouri Botanical Garden	G. Hieronymus;P.G. Lorentz	ISOTYPE		2024-03-18T20:55:03.307Z		TAXON_MATCH_TAXON_ID_IGNORED;OCCURRENCE_STATUS_INFERRED_FROM_INDIVIDUAL_COUNT;COLLECTION_MATCH_NONE;INSTITUTION_MATCH_FUZZY;DIFFERENT_OWNER_INSTITUTION
1259132990	7bd65a7a-f762-11e1-a439-00145eb45e9a	urn:catalog:MO:Tropicos:1875969	Plantae	Tracheophyta	Magnoliopsida	Laurales	Lauraceae	Ocotea	Ocotea porphyria		SPECIES	Cinnamomum porphyrium (Griseb.) Kosterm.	Cinnamomum porphyrium (Griseb.) Kosterm.	(Griseb.) Kosterm.	AR	Dep. Famaillá. Villa Nougues.	Tucumán	PRESENT		90fd6680-349f-11d8-aa2d-b8a03c50a862									1969-01-04	4	1	1969	4180943	7871169	PRESERVED_SPECIMEN	MO	Tropicos	1875969	Krapovickas 14527			CC_BY_4_0	Missouri Botanical Garden	Antonio  C. Krapovickas;Carmen L. Cristóbal			2024-03-18T20:15:02.804Z		TAXON_MATCH_TAXON_ID_IGNORED;COLLECTION_MATCH_NONE;INSTITUTION_MATCH_FUZZY
1259132982	7bd65a7a-f762-11e1-a439-00145eb45e9a	urn:catalog:MO:Tropicos:1875935	Plantae	Tracheophyta	Magnoliopsida	Laurales	Lauraceae	Ocotea	Ocotea porphyria		SPECIES	Cinnamomum porphyrium (Griseb.) Kosterm.	Cinnamomum porphyrium (Griseb.) Kosterm.	(Griseb.) Kosterm.	AR	Dpto. Orán, selva tucumano - boliviente, entre Aguas Blancas y Angosto del Pescado, entre km 20 y 25.	Salta	PRESENT		90fd6680-349f-11d8-aa2d-b8a03c50a862					565.0	45.0			1986-11-16	16	11	1986	4180943	7871169	PRESERVED_SPECIMEN	MO	Tropicos	1875935	Charpin 20437			CC_BY_4_0	Missouri Botanical Garden	André Charpin;Ulrich G. Eskuche			2024-03-18T20:15:02.569Z		TAXON_MATCH_TAXON_ID_IGNORED;COLLECTION_MATCH_NONE;INSTITUTION_MATCH_FUZZY
1259132975	7bd65a7a-f762-11e1-a439-00145eb45e9a	urn:catalog:MO:Tropicos:1875929	Plantae	Tracheophyta	Magnoliopsida	Laurales	Lauraceae	Ocotea	Ocotea porphyria		SPECIES	Cinnamomum porphyrium (Griseb.) Kosterm.	Cinnamomum porphyrium (Griseb.) Kosterm.	(Griseb.) Kosterm.	AR	Edge of Salta; edge of wooded quebrada.	Salta	PRESENT		90fd6680-349f-11d8-aa2d-b8a03c50a862	-24.66666	-65.5			1400.0				1985-09-25	25	9	1985	4180943	7871169	PRESERVED_SPECIMEN	MO	Tropicos	1875929	Gentry 51834			CC_BY_4_0	Missouri Botanical Garden	Alwyn H. Gentry;Robert Neumann;Carlos A. Palací			2024-03-18T20:17:36.569Z		GEODETIC_DATUM_ASSUMED_WGS84;TAXON_MATCH_TAXON_ID_IGNORED;COLLECTION_MATCH_NONE;INSTITUTION_MATCH_FUZZY
1259132946	7bd65a7a-f762-11e1-a439-00145eb45e9a	urn:catalog:MO:Tropicos:1875897	Plantae	Tracheophyta	Magnoliopsida	Laurales	Lauraceae	Ocotea	Ocotea porphyria		SPECIES	Cinnamomum porphyrium (Griseb.) Kosterm.	Cinnamomum porphyrium (Griseb.) Kosterm.	(Griseb.) Kosterm.	AR	Alpachiri, 5 km to SW. Epiphytenreicher immergruner submont. Wald.	Tucumán	PRESENT		90fd6680-349f-11d8-aa2d-b8a03c50a862					700.0				1971-02-13	13	2	1971	4180943	7871169	PRESERVED_SPECIMEN	MO	Tropicos	1875897	Ellenberg 4448			CC_BY_4_0	Missouri Botanical Garden	Heinz Ellenberg			2024-03-18T20:17:23.747Z		TAXON_MATCH_TAXON_ID_IGNORED;COLLECTION_MATCH_NONE;INSTITUTION_MATCH_FUZZY
1259132927	7bd65a7a-f762-11e1-a439-00145eb45e9a	urn:catalog:MO:Tropicos:1875876	Plantae	Tracheophyta	Magnoliopsida	Laurales	Lauraceae	Ocotea	Ocotea porphyria		SPECIES	Cinnamomum porphyrium (Griseb.) Kosterm.	Cinnamomum porphyrium (Griseb.) Kosterm.	(Griseb.) Kosterm.	AR	Dpto. Capital. Río Vaqueros, 5 Km. al W. del puente ruta 9.	Salta	PRESENT		90fd6680-349f-11d8-aa2d-b8a03c50a862									1981-11-20	20	11	1981	4180943	7871169	PRESERVED_SPECIMEN	MO	Tropicos	1875876	Novara 2162			CC_BY_4_0	Missouri Botanical Garden	Lázaro J. Novara			2024-03-18T20:15:03.340Z		TAXON_MATCH_TAXON_ID_IGNORED;COLLECTION_MATCH_NONE;INSTITUTION_MATCH_FUZZY
1259132903	7bd65a7a-f762-11e1-a439-00145eb45e9a	urn:catalog:MO:Tropicos:1875854	Plantae	Tracheophyta	Magnoliopsida	Laurales	Lauraceae	Ocotea	Ocotea porphyria		SPECIES	Cinnamomum porphyrium (Griseb.) Kosterm.	Cinnamomum porphyrium (Griseb.) Kosterm.	(Griseb.) Kosterm.	BO	"Reserva Nacional de Flora y Fauna Tariquía. Campamento ""El Cajón,"" entrando aproximadamente 1km del río Lajas sobre la senda que va hacia San Nicolás. Laderas rocosas empinadas que siguen la senda que va a San Nicolás."	Tarija	PRESENT		90fd6680-349f-11d8-aa2d-b8a03c50a862	-22.32638	-64.14694			600.0				1999-11-15	15	11	1999	4180943	7871169	PRESERVED_SPECIMEN	MO	Tropicos	1875854	Paniagua Zambrana 1315	N. Paniagua & K. Rodriguez	1999-01-01T00:00:00	CC_BY_4_0	Missouri Botanical Garden	Narel Paniagua Zambrana;K. Rodríguez			2024-03-18T20:15:02.568Z		GEODETIC_DATUM_ASSUMED_WGS84;TAXON_MATCH_TAXON_ID_IGNORED;COLLECTION_MATCH_NONE;INSTITUTION_MATCH_FUZZY
1259132902	7bd65a7a-f762-11e1-a439-00145eb45e9a	urn:catalog:MO:Tropicos:1875861	Plantae	Tracheophyta	Magnoliopsida	Laurales	Lauraceae	Ocotea	Ocotea porphyria		SPECIES	Cinnamomum porphyrium (Griseb.) Kosterm.	Cinnamomum porphyrium (Griseb.) Kosterm.	(Griseb.) Kosterm.	AR	Dpt. Taji, Yerba Buena. 27º lat. s.	Tucumán	PRESENT		90fd6680-349f-11d8-aa2d-b8a03c50a862					700.0				1955			1955	4180943	7871169	PRESERVED_SPECIMEN	MO	Tropicos	1875861	RECHE s.n.			CC_BY_4_0	Missouri Botanical Garden	RECHE			2024-03-18T20:17:24.036Z		TAXON_MATCH_TAXON_ID_IGNORED;COLLECTION_MATCH_NONE;INSTITUTION_MATCH_FUZZY
1259132899	7bd65a7a-f762-11e1-a439-00145eb45e9a	urn:catalog:MO:Tropicos:1875869	Plantae	Tracheophyta	Magnoliopsida	Laurales	Lauraceae	Ocotea	Ocotea porphyria		SPECIES	Cinnamomum porphyrium (Griseb.) Kosterm.	Cinnamomum porphyrium (Griseb.) Kosterm.	(Griseb.) Kosterm.	AR	Dep. Caldera. El Ucumár, camino de cornisa Salta-Jujuy. En selva.	Salta	PRESENT		90fd6680-349f-11d8-aa2d-b8a03c50a862									1971-01-15	15	1	1971	4180943	7871169	PRESERVED_SPECIMEN	MO	Tropicos	1875869	Krapovickas 17718			CC_BY_4_0	Missouri Botanical Garden	Antonio  C. Krapovickas;Carmen L. Cristóbal			2024-03-18T20:15:03.647Z		TAXON_MATCH_TAXON_ID_IGNORED;COLLECTION_MATCH_NONE;INSTITUTION_MATCH_FUZZY
1259132894	7bd65a7a-f762-11e1-a439-00145eb45e9a	urn:catalog:MO:Tropicos:1875844	Plantae	Tracheophyta	Magnoliopsida	Laurales	Lauraceae	Ocotea	Ocotea porphyria		SPECIES	Cinnamomum porphyrium (Griseb.) Kosterm.	Cinnamomum porphyrium (Griseb.) Kosterm.	(Griseb.) Kosterm.	AR			PRESENT		90fd6680-349f-11d8-aa2d-b8a03c50a862									1916			1916	4180943	7871169	PRESERVED_SPECIMEN	MO	Tropicos	1875844	Jörgensen 119			CC_BY_4_0	Missouri Botanical Garden	Pedro Jörgensen			2024-03-18T20:17:38.742Z		TAXON_MATCH_TAXON_ID_IGNORED;COLLECTION_MATCH_NONE;INSTITUTION_MATCH_FUZZY
1259132889	7bd65a7a-f762-11e1-a439-00145eb45e9a	urn:catalog:MO:Tropicos:1875856	Plantae	Tracheophyta	Magnoliopsida	Laurales	Lauraceae	Ocotea	Ocotea porphyria		SPECIES	Cinnamomum porphyrium (Griseb.) Kosterm.	Cinnamomum porphyrium (Griseb.) Kosterm.	(Griseb.) Kosterm.	AR	East of Rio de Reyes; overhanging a ditch in the forest on slope.	Jujuy	PRESENT		90fd6680-349f-11d8-aa2d-b8a03c50a862					1200.0				1938-10-02	2	10	1938	4180943	7871169	PRESERVED_SPECIMEN	MO	Tropicos	1875856	Eyerdam 22340			CC_BY_4_0	Missouri Botanical Garden	Walter J. Eyerdam;Alan A. Beetle			2024-03-18T20:15:03.304Z		TAXON_MATCH_TAXON_ID_IGNORED;COLLECTION_MATCH_NONE;INSTITUTION_MATCH_FUZZY
1228615277	90c853e6-56bd-480b-8e8f-6285c3f8d42b	f32c114b-799d-4214-b898-766ca997058f	Plantae	Tracheophyta	Magnoliopsida	Laurales	Lauraceae	Ocotea	Ocotea porphyria		SPECIES	Cinnamomum porphyrium (Griseb.) Kosterm.	Cinnamomum porphyrium (Griseb.) Kosterm.					PRESENT		7b8aff00-a9f8-11d8-944b-b8a03c50a862													4180943	7871169	PRESERVED_SPECIMEN	F	Botany	V0151869F				CC0_1_0	The Field Museum of Natural History				2024-01-25T11:00:01.930Z	StillImage	AMBIGUOUS_COLLECTION;INSTITUTION_MATCH_FUZZY
1228585429	90c853e6-56bd-480b-8e8f-6285c3f8d42b	91e67c4a-89f6-4924-89bd-c936cbe1951f	Plantae	Tracheophyta	Magnoliopsida	Laurales	Lauraceae	Ocotea	Ocotea porphyria		SPECIES	Cinnamomum porphyrium (Griseb.) Kosterm.	Cinnamomum porphyrium (Griseb.) Kosterm.					PRESENT		7b8aff00-a9f8-11d8-944b-b8a03c50a862													4180943	7871169	PRESERVED_SPECIMEN	F	Botany	V0151866F				CC0_1_0	The Field Museum of Natural History				2024-01-25T11:00:09.315Z	StillImage	AMBIGUOUS_COLLECTION;INSTITUTION_MATCH_FUZZY
1228477273	90c853e6-56bd-480b-8e8f-6285c3f8d42b	ed3fee7a-4e20-470d-a0ef-5381b7cdcdab	Plantae	Tracheophyta	Magnoliopsida	Laurales	Lauraceae	Ocotea	Ocotea porphyria		SPECIES	Cinnamomum porphyrium (Griseb.) Kosterm.	Cinnamomum porphyrium (Griseb.) Kosterm.					PRESENT		7b8aff00-a9f8-11d8-944b-b8a03c50a862													4180943	7871169	PRESERVED_SPECIMEN	F	Botany	V0151870F				CC0_1_0	The Field Museum of Natural History				2024-01-25T11:00:20.436Z	StillImage	AMBIGUOUS_COLLECTION;INSTITUTION_MATCH_FUZZY
1228439362	90c853e6-56bd-480b-8e8f-6285c3f8d42b	aabd3cb3-79eb-43eb-8b02-75c33d81e4a2	Plantae	Tracheophyta	Magnoliopsida	Laurales	Lauraceae	Ocotea	Ocotea porphyria		SPECIES	Cinnamomum porphyrium (Griseb.) Kosterm.	Cinnamomum porphyrium (Griseb.) Kosterm.		AR	Tucumán	Tucumán	PRESENT		7b8aff00-a9f8-11d8-944b-b8a03c50a862	-27.0	-65.5							1945-08-04	4	8	1945	4180943	7871169	PRESERVED_SPECIMEN	F	Botany		43	RRC ID Flag		CC0_1_0	The Field Museum of Natural History	F. Ortiz			2024-01-25T10:59:54.480Z		GEODETIC_DATUM_ASSUMED_WGS84;AMBIGUOUS_COLLECTION;INSTITUTION_MATCH_FUZZY
1228418449	90c853e6-56bd-480b-8e8f-6285c3f8d42b	997713d4-c72a-4170-be70-d60dd414c03b	Plantae	Tracheophyta	Magnoliopsida	Laurales	Lauraceae	Ocotea	Ocotea porphyria		SPECIES	Cinnamomum porphyrium (Griseb.) Kosterm.	Cinnamomum porphyrium (Griseb.) Kosterm.					PRESENT		7b8aff00-a9f8-11d8-944b-b8a03c50a862													4180943	7871169	PRESERVED_SPECIMEN	F	Botany	V0151873F				CC0_1_0	The Field Museum of Natural History				2024-01-25T11:00:17.789Z	StillImage	AMBIGUOUS_COLLECTION;INSTITUTION_MATCH_FUZZY
1228363171	90c853e6-56bd-480b-8e8f-6285c3f8d42b	ec8507ea-6220-4d9d-943f-f7bb8fd12cf4	Plantae	Tracheophyta	Magnoliopsida	Laurales	Lauraceae	Ocotea	Ocotea porphyria		SPECIES	Cinnamomum porphyrium (Griseb.) Kosterm.	Cinnamomum porphyrium (Griseb.) Kosterm.					PRESENT		7b8aff00-a9f8-11d8-944b-b8a03c50a862													4180943	7871169	PRESERVED_SPECIMEN	F	Botany	V0151872F				CC0_1_0	The Field Museum of Natural History				2024-01-25T11:00:17.906Z	StillImage	AMBIGUOUS_COLLECTION;INSTITUTION_MATCH_FUZZY
1228361350	90c853e6-56bd-480b-8e8f-6285c3f8d42b	93904695-ca18-49e5-91dd-413b482fe96b	Plantae	Tracheophyta	Magnoliopsida	Laurales	Lauraceae	Ocotea	Ocotea porphyria		SPECIES	Cinnamomum porphyrium (Griseb.) Kosterm.	Cinnamomum porphyrium (Griseb.) Kosterm.					PRESENT		7b8aff00-a9f8-11d8-944b-b8a03c50a862													4180943	7871169	PRESERVED_SPECIMEN	F	Botany	V0151868F				CC0_1_0	The Field Museum of Natural History				2024-01-25T11:00:03.136Z	StillImage	AMBIGUOUS_COLLECTION;INSTITUTION_MATCH_FUZZY
1228266071	90c853e6-56bd-480b-8e8f-6285c3f8d42b	044145e3-4433-48f4-9344-d1484843d8fd	Plantae	Tracheophyta	Magnoliopsida	Laurales	Lauraceae	Ocotea	Ocotea porphyria		SPECIES	Cinnamomum porphyrium (Griseb.) Kosterm.	Cinnamomum porphyrium (Griseb.) Kosterm.		BO	Chuquisaca	Chuquisaca	PRESENT		7b8aff00-a9f8-11d8-944b-b8a03c50a862	-20.0	-64.3333							1994-02-27	27	2	1994	4180943	7871169	PRESERVED_SPECIMEN	F	Botany	V0157091F	686	RRC ID Flag	1995-01-01T00:00:00	CC0_1_0	The Field Museum of Natural History	M. Serrano			2024-01-25T10:59:43.689Z	StillImage	GEODETIC_DATUM_ASSUMED_WGS84;AMBIGUOUS_COLLECTION;INSTITUTION_MATCH_FUZZY
1228246045	90c853e6-56bd-480b-8e8f-6285c3f8d42b	54d02c9e-c75f-4fee-b4ab-70c37c1bddb9	Plantae	Tracheophyta	Magnoliopsida	Laurales	Lauraceae	Ocotea	Ocotea porphyria		SPECIES	Cinnamomum porphyrium (Griseb.) Kosterm.	Cinnamomum porphyrium (Griseb.) Kosterm.		BO	Chuquisaca	Chuquisaca	PRESENT		7b8aff00-a9f8-11d8-944b-b8a03c50a862	-20.0	-64.3333							1994-02-27	27	2	1994	4180943	7871169	PRESERVED_SPECIMEN	F	Botany		686	H. van der Werff	1995-01-01T00:00:00	CC0_1_0	The Field Museum of Natural History	M. Serrano			2024-01-25T10:59:51.881Z		GEODETIC_DATUM_ASSUMED_WGS84;AMBIGUOUS_COLLECTION;INSTITUTION_MATCH_FUZZY
1228217276	90c853e6-56bd-480b-8e8f-6285c3f8d42b	01883252-c909-4736-96c6-95acf0ee339d	Plantae	Tracheophyta	Magnoliopsida	Laurales	Lauraceae	Ocotea	Ocotea porphyria		SPECIES	Cinnamomum porphyrium (Griseb.) Kosterm.	Cinnamomum porphyrium (Griseb.) Kosterm.					PRESENT		7b8aff00-a9f8-11d8-944b-b8a03c50a862													4180943	7871169	PRESERVED_SPECIMEN	F	Botany	V0151867F				CC0_1_0	The Field Museum of Natural History				2024-01-25T11:00:02.791Z	StillImage	AMBIGUOUS_COLLECTION;INSTITUTION_MATCH_FUZZY
1228213803	90c853e6-56bd-480b-8e8f-6285c3f8d42b	ef10dd8a-1495-4b2c-8524-457f3386f781	Plantae	Tracheophyta	Magnoliopsida	Laurales	Lauraceae	Ocotea	Ocotea porphyria		SPECIES	Cinnamomum porphyrium (Griseb.) Kosterm.	Cinnamomum porphyrium (Griseb.) Kosterm.					PRESENT		7b8aff00-a9f8-11d8-944b-b8a03c50a862													4180943	7871169	PRESERVED_SPECIMEN	F	Botany	V0157092F				CC0_1_0	The Field Museum of Natural History				2024-01-25T11:00:12.987Z	StillImage	AMBIGUOUS_COLLECTION;INSTITUTION_MATCH_FUZZY
1228164250	90c853e6-56bd-480b-8e8f-6285c3f8d42b	379a6e80-4985-47ab-a817-34d7a72ab8fb	Plantae	Tracheophyta	Magnoliopsida	Laurales	Lauraceae	Ocotea	Ocotea porphyria		SPECIES	Cinnamomum porphyrium (Griseb.) Kosterm.	Cinnamomum porphyrium (Griseb.) Kosterm.					PRESENT		7b8aff00-a9f8-11d8-944b-b8a03c50a862													4180943	7871169	PRESERVED_SPECIMEN	F	Botany	V0151871F				CC0_1_0	The Field Museum of Natural History				2024-01-25T11:00:13.229Z	StillImage	AMBIGUOUS_COLLECTION;INSTITUTION_MATCH_FUZZY
1144649377	f577c9f3-ae71-4278-b6bf-512ba1dfaa21		Plantae	Tracheophyta	Magnoliopsida	Laurales	Lauraceae	Ocotea	Ocotea porphyria		SPECIES	Cinnamomum porphyrium (Griseb.) Kosterm.	Cinnamomum porphyrium (Griseb.) Kosterm.		AR	Acambuco - SALTA. Dpto. Gral. José de San Martín: 27 km al NW del cruce de la ruta nac. 34 en direcc. a Acambuco/Provincia de Salta		PRESENT		43a26bbf-466a-4335-96cc-01d0656c614a	-22.25	-63.85	850.0						2001-03-10	10	3	2001	4180943	7871169	PRESERVED_SPECIMEN	G	Geneva Herbarium – General Collection (G)	G-G-160710/1		Fortunato, R. (2001)		CC_BY_NC_4_0		Fortunato, R., J. Greppi, R. Neumann & R. Micheli			2024-01-25T16:16:34.617Z		GEODETIC_DATUM_ASSUMED_WGS84;CONTINENT_DERIVED_FROM_COORDINATES;COLLECTION_MATCH_NONE;INSTITUTION_MATCH_FUZZY
1144649361	f577c9f3-ae71-4278-b6bf-512ba1dfaa21		Plantae	Tracheophyta	Magnoliopsida	Laurales	Lauraceae	Ocotea	Ocotea porphyria		SPECIES	Cinnamomum porphyrium (Griseb.) Kosterm.	Cinnamomum porphyrium (Griseb.) Kosterm.		AR	Dique La Ciénaga - JUJUY: dpto. El Carmen; 4 km S del Dique La Ciénaga/Provincia de Jujuy		PRESENT		43a26bbf-466a-4335-96cc-01d0656c614a	-24.425	-65.28333	707.0						1974-11-08	8	11	1974	4180943	7871169	PRESERVED_SPECIMEN	G	Geneva Herbarium – General Collection (G)	G-G-174487/1		Tressens, S. G. (1998)		CC_BY_NC_4_0		Correa, M. N. & al.			2024-01-25T16:16:25.749Z		GEODETIC_DATUM_ASSUMED_WGS84;CONTINENT_DERIVED_FROM_COORDINATES;COLLECTION_MATCH_NONE;INSTITUTION_MATCH_FUZZY
1095580748	3b8e9d83-b2d4-4a97-973c-31d98b67b1e9	BRA:MBM:MBM:250971	Plantae	Tracheophyta	Magnoliopsida	Laurales	Lauraceae	Ocotea	Ocotea porphyria		SPECIES	Cinnamomum porphyrium (Griseb.) Kosterm.	Cinnamomum porphyrium	(Griseb.) Kosterm.	AR			PRESENT		ab5c0b99-5af3-4958-b03c-0b7e85481cc1													4180943	7871169	PRESERVED_SPECIMEN	MBM	MBM	250971	6094	Tressens, SG		CC_BY_NC_4_0	MBM - Herbário do Museu Botânico Municipal	Correa, MN; et al.			2024-05-15T17:10:35.381Z		CONTINENT_DERIVED_FROM_COUNTRY;RECORDED_DATE_INVALID;INSTITUTION_MATCH_FUZZY;COLLECTION_MATCH_FUZZY;DIFFERENT_OWNER_INSTITUTION
1095564811	3b8e9d83-b2d4-4a97-973c-31d98b67b1e9	BRA:MBM:MBM:231196	Plantae	Tracheophyta	Magnoliopsida	Laurales	Lauraceae	Ocotea	Ocotea porphyria		SPECIES	Cinnamomum porphyrium (Griseb.) Kosterm.	Cinnamomum porphyrium	(Griseb.) Kosterm.	AR			PRESENT		ab5c0b99-5af3-4958-b03c-0b7e85481cc1													4180943	7871169	PRESERVED_SPECIMEN	MBM	MBM	231196	33067	Tressnes, SG		CC_BY_NC_4_0	MBM - Herbário do Museu Botânico Municipal	Schinini, A; et al.			2024-05-15T17:10:35.240Z		CONTINENT_DERIVED_FROM_COUNTRY;RECORDED_DATE_INVALID;INSTITUTION_MATCH_FUZZY;COLLECTION_MATCH_FUZZY;DIFFERENT_OWNER_INSTITUTION
