"usageKey","scientificName","canonicalName","rank","status","confidence","matchType","kingdom","phylum","order","family","genus","species","kingdomKey","phylumKey","classKey","orderKey","familyKey","genusKey","speciesKey","class","acceptedUsageKey","synonym","verbatim_name","verbatim_index"
2487200,"Anthornis melanura (Sparrman, 1786)","Anthornis melanura","SPECIES","ACCEPTED",99,"EXACT","Animalia","Chordata","Passeriformes","Meliphagidae","Anthornis","Anthornis melanura",1,44,212,729,9319,2487199,2487200,"Aves",NA,NA,"Anthornis melanura",1
2491618,"Arremon flavirostris Swainson, 1838","Arremon flavirostris","SPECIES","ACCEPTED",99,"EXACT","Animalia","Chordata","Passeriformes","Passerellidae","Arremon","Arremon flavirostris",1,44,212,729,9410667,2491613,2491618,"Aves",NA,NA,"Arremon flavirostris",2
2490826,"Catharus minimus (Lafresnaye, 1848)","Catharus minimus","SPECIES","ACCEPTED",99,"EXACT","Animalia","Chordata","Passeriformes","Turdidae","Catharus","Catharus minimus",1,44,212,729,5290,2490799,2490826,"Aves",NA,NA,"Catharus minimus",3
2490821,"Catharus ustulatus (Nuttall, 1840)","Catharus ustulatus","SPECIES","ACCEPTED",99,"EXACT","Animalia","Chordata","Passeriformes","Turdidae","Catharus","Catharus ustulatus",1,44,212,729,5290,2490799,2490821,"Aves",NA,NA,"Catharus ustulatus",4
5228941,"Celeus flavescens (J.F.Gmelin, 1788)","Celeus flavescens","SPECIES","ACCEPTED",99,"EXACT","Animalia","Chordata","Piciformes","Picidae","Celeus","Celeus flavescens",1,44,212,724,9333,2478432,5228941,"Aves",NA,NA,"Celeus flavescens",5
2487775,"Chiroxiphia caudata (Shaw, 1793)","Chiroxiphia caudata","SPECIES","ACCEPTED",99,"EXACT","Animalia","Chordata","Passeriformes","Pipridae","Chiroxiphia","Chiroxiphia caudata",1,44,212,729,5270,2487764,2487775,"Aves",NA,NA,"Chiroxiphia caudata",6
2488734,"Chlorospingus ophthalmicus (Du Bus de Gisignies, 1847)","Chlorospingus ophthalmicus","SPECIES","SYNONYM",98,"EXACT","Animalia","Chordata","Passeriformes","Passerellidae","Chlorospingus","Chlorospingus flavopectus",1,44,212,729,9410667,2488700,2488710,"Aves",8784251,NA,"Chlorospingus ophthalmicus",7
2489057,"Cinnyricinclus leucogaster (Boddaert, 1783)","Cinnyricinclus leucogaster","SPECIES","ACCEPTED",99,"EXACT","Animalia","Chordata","Passeriformes","Sturnidae","Cinnyricinclus","Cinnyricinclus leucogaster",1,44,212,729,9350,2489054,2489057,"Aves",NA,NA,"Cinnyricinclus leucogaster",8
2494329,"Coccothraustes coccothraustes (Linnaeus, 1758)","Coccothraustes coccothraustes","SPECIES","ACCEPTED",99,"EXACT","Animalia","Chordata","Passeriformes","Fringillidae","Coccothraustes","Coccothraustes coccothraustes",1,44,212,729,5242,2494310,2494329,"Aves",NA,NA,"Coccothraustes coccothraustes",9
2493744,"Coereba flaveola (Linnaeus, 1758)","Coereba flaveola","SPECIES","ACCEPTED",99,"EXACT","Animalia","Chordata","Passeriformes","Thraupidae","Coereba","Coereba flaveola",1,44,212,729,9352,2493743,2493744,"Aves",NA,NA,"Coereba flaveola",10
5229467,"Colius striatus J.F.Gmelin, 1789","Colius striatus","SPECIES","ACCEPTED",99,"EXACT","Animalia","Chordata","Coliiformes","Coliidae","Colius","Colius striatus",1,44,212,721,9305,5229462,5229467,"Aves",NA,NA,"Colius striatus",11
2495455,"Columba palumbus Linnaeus, 1758","Columba palumbus","SPECIES","ACCEPTED",99,"EXACT","Animalia","Chordata","Columbiformes","Columbidae","Columba","Columba palumbus",1,44,212,1446,5233,2495404,2495455,"Aves",NA,NA,"Columba palumbus",12
5230621,"Conirostrum speciosum (Temminck, 1824)","Conirostrum speciosum","SPECIES","ACCEPTED",99,"EXACT","Animalia","Chordata","Passeriformes","Thraupidae","Conirostrum","Conirostrum speciosum",1,44,212,729,9352,8406176,5230621,"Aves",NA,NA,"Conirostrum speciosum",13
2492675,"Copsychus malabaricus (Scopoli, 1786)","Copsychus malabaricus","SPECIES","ACCEPTED",99,"EXACT","Animalia","Chordata","Passeriformes","Muscicapidae","Copsychus","Copsychus malabaricus",1,44,212,729,9322,2492674,2492675,"Aves",NA,NA,"Copsychus malabaricus",14
9409796,"Corvus corone Linnaeus, 1758","Corvus corone","SPECIES","ACCEPTED",99,"EXACT","Animalia","Chordata","Passeriformes","Corvidae","Corvus","Corvus corone",1,44,212,729,5235,2482468,9409796,"Aves",NA,NA,"Corvus corone",15
2482575,"Cyanocorax chrysops (Vieillot, 1818)","Cyanocorax chrysops","SPECIES","ACCEPTED",99,"EXACT","Animalia","Chordata","Passeriformes","Corvidae","Cyanocorax","Cyanocorax chrysops",1,44,212,729,5235,2482558,2482575,"Aves",NA,NA,"Cyanocorax chrysops",16
2482568,"Cyanocorax morio (Wagler, 1829)","Cyanocorax morio","SPECIES","SYNONYM",98,"EXACT","Animalia","Chordata","Passeriformes","Corvidae","Psilorhinus","Psilorhinus morio",1,44,212,729,5235,2482432,5229495,"Aves",5229495,NA,"Cyanocorax morio",17
2487404,"Cyclarhis gujanensis (Gmelin, 1789)","Cyclarhis gujanensis","SPECIES","ACCEPTED",99,"EXACT","Animalia","Chordata","Passeriformes","Vireonidae","Cyclarhis","Cyclarhis gujanensis",1,44,212,729,9358,2487403,2487404,"Aves",NA,NA,"Cyclarhis gujanensis",18
2488352,"Dacnis cayana (Linnaeus, 1766)","Dacnis cayana","SPECIES","ACCEPTED",99,"EXACT","Animalia","Chordata","Passeriformes","Thraupidae","Dacnis","Dacnis cayana",1,44,212,729,9352,2488348,2488352,"Aves",NA,NA,"Dacnis cayana",19
2477968,"Dendrocopos major (Linnaeus, 1758)","Dendrocopos major","SPECIES","ACCEPTED",99,"EXACT","Animalia","Chordata","Piciformes","Picidae","Dendrocopos","Dendrocopos major",1,44,212,724,9333,2477899,2477968,"Aves",NA,NA,"Dendrocopos major",20
2478026,"Dendrocopos medius (Linnaeus, 1758)","Dendrocopos medius","SPECIES","SYNONYM",98,"EXACT","Animalia","Chordata","Piciformes","Picidae","Dendrocoptes","Dendrocoptes medius",1,44,212,724,9333,4850317,8773033,"Aves",8773033,NA,"Dendrocopos medius",21
7342077,"Diglossa cyanea (Lafresnaye, 1840)","Diglossa cyanea","SPECIES","ACCEPTED",99,"EXACT","Animalia","Chordata","Passeriformes","Thraupidae","Diglossa","Diglossa cyanea",1,44,212,729,9352,2488798,7342077,"Aves",NA,NA,"Diglossa cyanea",22
2484434,"Dives dives (Deppe, 1830)","Dives dives","SPECIES","ACCEPTED",99,"EXACT","Animalia","Chordata","Passeriformes","Icteridae","Dives","Dives dives",1,44,212,729,6176,2484433,2484434,"Aves",NA,NA,"Dives dives",23
2494936,"Dumetella carolinensis (Linnaeus, 1766)","Dumetella carolinensis","SPECIES","ACCEPTED",99,"EXACT","Animalia","Chordata","Passeriformes","Mimidae","Dumetella","Dumetella carolinensis",1,44,212,729,9321,2494935,2494936,"Aves",NA,NA,"Dumetella carolinensis",24
5229651,"Elaenia albiceps (Orbigny & Lafresnaye, 1837)","Elaenia albiceps","SPECIES","ACCEPTED",99,"EXACT","Animalia","Chordata","Passeriformes","Tyrannidae","Elaenia","Elaenia albiceps",1,44,212,729,5291,2483089,5229651,"Aves",NA,NA,"Elaenia albiceps",25
5229606,"Elaenia flavogaster (Thunberg, 1822)","Elaenia flavogaster","SPECIES","ACCEPTED",99,"EXACT","Animalia","Chordata","Passeriformes","Tyrannidae","Elaenia","Elaenia flavogaster",1,44,212,729,5291,2483089,5229606,"Aves",NA,NA,"Elaenia flavogaster",26
5229627,"Elaenia obscura (Orbigny & Lafresnaye, 1837)","Elaenia obscura","SPECIES","ACCEPTED",99,"EXACT","Animalia","Chordata","Passeriformes","Tyrannidae","Elaenia","Elaenia obscura",1,44,212,729,5291,2483089,5229627,"Aves",NA,NA,"Elaenia obscura",27
5229612,"Elaenia parvirostris Pelzeln, 1868","Elaenia parvirostris","SPECIES","ACCEPTED",99,"EXACT","Animalia","Chordata","Passeriformes","Tyrannidae","Elaenia","Elaenia parvirostris",1,44,212,729,5291,2483089,5229612,"Aves",NA,NA,"Elaenia parvirostris",28
5229631,"Elaenia strepera Cabanis, 1883","Elaenia strepera","SPECIES","ACCEPTED",99,"EXACT","Animalia","Chordata","Passeriformes","Tyrannidae","Elaenia","Elaenia strepera",1,44,212,729,5291,2483089,5229631,"Aves",NA,NA,"Elaenia strepera",29
2491498,"Emberiza cia Linnaeus, 1767","Emberiza cia","SPECIES","ACCEPTED",99,"EXACT","Animalia","Chordata","Passeriformes","Emberizidae","Emberiza","Emberiza cia",1,44,212,729,9608,2491468,2491498,"Aves",NA,NA,"Emberiza cia",30
2484090,"Empidonomus varius (Vieillot, 1818)","Empidonomus varius","SPECIES","ACCEPTED",99,"EXACT","Animalia","Chordata","Passeriformes","Tyrannidae","Empidonomus","Empidonomus varius",1,44,212,729,5291,2484085,2484090,"Aves",NA,NA,"Empidonomus varius",31
2492462,"Erithacus rubecula (Linnaeus, 1758)","Erithacus rubecula","SPECIES","ACCEPTED",99,"EXACT","Animalia","Chordata","Passeriformes","Muscicapidae","Erithacus","Erithacus rubecula",1,44,212,729,9322,2492460,2492462,"Aves",NA,NA,"Erithacus rubecula",32
2487964,"Euphonia chlorotica (Linnaeus, 1766)","Euphonia chlorotica","SPECIES","ACCEPTED",99,"EXACT","Animalia","Chordata","Passeriformes","Fringillidae","Euphonia","Euphonia chlorotica",1,44,212,729,5242,2487948,2487964,"Aves",NA,NA,"Euphonia chlorotica",33
2488023,"Euphonia cyanocephala (Vieillot, 1819)","Euphonia cyanocephala","SPECIES","ACCEPTED",99,"EXACT","Animalia","Chordata","Passeriformes","Fringillidae","Euphonia","Euphonia cyanocephala",1,44,212,729,5242,2487948,2488023,"Aves",NA,NA,"Euphonia cyanocephala",34
2487970,"Euphonia violacea (Linnaeus, 1758)","Euphonia violacea","SPECIES","ACCEPTED",99,"EXACT","Animalia","Chordata","Passeriformes","Fringillidae","Euphonia","Euphonia violacea",1,44,212,729,5242,2487948,2487970,"Aves",NA,NA,"Euphonia violacea",35
2492606,"Ficedula hypoleuca (Pallas, 1764)","Ficedula hypoleuca","SPECIES","ACCEPTED",99,"EXACT","Animalia","Chordata","Passeriformes","Muscicapidae","Ficedula","Ficedula hypoleuca",1,44,212,729,9322,2492596,2492606,"Aves",NA,NA,"Ficedula hypoleuca",36
2494422,"Fringilla coelebs Linnaeus, 1758","Fringilla coelebs","SPECIES","ACCEPTED",99,"EXACT","Animalia","Chordata","Passeriformes","Fringillidae","Fringilla","Fringilla coelebs",1,44,212,729,5242,2494421,2494422,"Aves",NA,NA,"Fringilla coelebs",37
5229493,"Garrulus glandarius (Linnaeus, 1758)","Garrulus glandarius","SPECIES","ACCEPTED",99,"EXACT","Animalia","Chordata","Passeriformes","Corvidae","Garrulus","Garrulus glandarius",1,44,212,729,5235,2482462,5229493,"Aves",NA,NA,"Garrulus glandarius",38
2489989,"Icteria virens (Linnaeus, 1758)","Icteria virens","SPECIES","ACCEPTED",99,"EXACT","Animalia","Chordata","Passeriformes","Parulidae","Icteria","Icteria virens",1,44,212,729,5263,2489988,2489989,"Aves",NA,NA,"Icteria virens",39
5229845,"Icterus cayanensis (Linnaeus, 1766)","Icterus cayanensis","SPECIES","ACCEPTED",99,"EXACT","Animalia","Chordata","Passeriformes","Icteridae","Icterus","Icterus cayanensis",1,44,212,729,6176,2484282,5229845,"Aves",NA,NA,"Icterus cayanensis",40
2484340,"Icterus galbula (Linnaeus, 1758)","Icterus galbula","SPECIES","ACCEPTED",99,"EXACT","Animalia","Chordata","Passeriformes","Icteridae","Icterus","Icterus galbula",1,44,212,729,6176,2484282,2484340,"Aves",NA,NA,"Icterus galbula",41
5229893,"Icterus gularis (Wagler, 1829)","Icterus gularis","SPECIES","ACCEPTED",99,"EXACT","Animalia","Chordata","Passeriformes","Icteridae","Icterus","Icterus gularis",1,44,212,729,6176,2484282,5229893,"Aves",NA,NA,"Icterus gularis",42
5229935,"Icterus spurius (Linnaeus, 1766)","Icterus spurius","SPECIES","ACCEPTED",99,"EXACT","Animalia","Chordata","Passeriformes","Icteridae","Icterus","Icterus spurius",1,44,212,729,6176,2484282,5229935,"Aves",NA,NA,"Icterus spurius",43
5231398,"Leiothrix lutea (Scopoli, 1786)","Leiothrix lutea","SPECIES","ACCEPTED",99,"EXACT","Animalia","Chordata","Passeriformes","Leiothrichidae","Leiothrix","Leiothrix lutea",1,44,212,729,6101112,2493374,5231398,"Aves",NA,NA,"Leiothrix lutea",44
2491055,"Loxigilla portoricensis (Daudin, 1800)","Loxigilla portoricensis","SPECIES","SYNONYM",98,"EXACT","Animalia","Chordata","Passeriformes","Thraupidae","Melopyrrha","Melopyrrha portoricensis",1,44,212,729,9352,2492257,11004618,"Aves",11004618,NA,"Loxigilla portoricensis",45
2492542,"Luscinia luscinia (Linnaeus, 1758)","Luscinia luscinia","SPECIES","ACCEPTED",99,"EXACT","Animalia","Chordata","Passeriformes","Muscicapidae","Luscinia","Luscinia luscinia",1,44,212,729,9322,5429330,2492542,"Aves",NA,NA,"Luscinia luscinia",46
2483410,"Megarynchus pitangua (Linnaeus, 1766)","Megarynchus pitangua","SPECIES","ACCEPTED",99,"EXACT","Animalia","Chordata","Passeriformes","Tyrannidae","Megarynchus","Megarynchus pitangua",1,44,212,729,5291,2483409,2483410,"Aves",NA,NA,"Megarynchus pitangua",47
2478081,"Melanerpes aurifrons (Wagler, 1829)","Melanerpes aurifrons","SPECIES","ACCEPTED",99,"EXACT","Animalia","Chordata","Piciformes","Picidae","Melanerpes","Melanerpes aurifrons",1,44,212,724,9333,2478067,2478081,"Aves",NA,NA,"Melanerpes aurifrons",48
5231675,"Mimus saturninus (Lichtenstein, 1823)","Mimus saturninus","SPECIES","ACCEPTED",99,"EXACT","Animalia","Chordata","Passeriformes","Mimidae","Mimus","Mimus saturninus",1,44,212,729,9321,2494919,5231675,"Aves",NA,NA,"Mimus saturninus",49
5229534,"Mionectes striaticollis (Orbigny & Lafresnaye, 1837)","Mionectes striaticollis","SPECIES","ACCEPTED",99,"EXACT","Animalia","Chordata","Passeriformes","Tyrannidae","Mionectes","Mionectes striaticollis",1,44,212,729,5291,2482811,5229534,"Aves",NA,NA,"Mionectes striaticollis",50
2492576,"Muscicapa striata (Pallas, 1764)","Muscicapa striata","SPECIES","ACCEPTED",99,"EXACT","Animalia","Chordata","Passeriformes","Muscicapidae","Muscicapa","Muscicapa striata",1,44,212,729,9322,2483240,2492576,"Aves",NA,NA,"Muscicapa striata",51
2483597,"Myiarchus crinitus (Linnaeus, 1758)","Myiarchus crinitus","SPECIES","ACCEPTED",99,"EXACT","Animalia","Chordata","Passeriformes","Tyrannidae","Myiarchus","Myiarchus crinitus",1,44,212,729,5291,2483527,2483597,"Aves",NA,NA,"Myiarchus crinitus",52
2483559,"Myiarchus ferox (Gmelin, 1789)","Myiarchus ferox","SPECIES","ACCEPTED",99,"EXACT","Animalia","Chordata","Passeriformes","Tyrannidae","Myiarchus","Myiarchus ferox",1,44,212,729,5291,2483527,2483559,"Aves",NA,NA,"Myiarchus ferox",53
2483531,"Myiarchus tuberculifer (Orbigny & Lafresnaye, 1837)","Myiarchus tuberculifer","SPECIES","ACCEPTED",99,"EXACT","Animalia","Chordata","Passeriformes","Tyrannidae","Myiarchus","Myiarchus tuberculifer",1,44,212,729,5291,2483527,2483531,"Aves",NA,NA,"Myiarchus tuberculifer",54
2483589,"Myiarchus tyrannulus (Statius Muller, 1776)","Myiarchus tyrannulus","SPECIES","ACCEPTED",99,"EXACT","Animalia","Chordata","Passeriformes","Tyrannidae","Myiarchus","Myiarchus tyrannulus",1,44,212,729,5291,2483527,2483589,"Aves",NA,NA,"Myiarchus tyrannulus",55
2483497,"Myiodynastes maculatus (Statius Muller, 1776)","Myiodynastes maculatus","SPECIES","ACCEPTED",99,"EXACT","Animalia","Chordata","Passeriformes","Tyrannidae","Myiodynastes","Myiodynastes maculatus",1,44,212,729,5291,2483488,2483497,"Aves",NA,NA,"Myiodynastes maculatus",56
2482913,"Myiozetetes similis (Spix, 1825)","Myiozetetes similis","SPECIES","ACCEPTED",99,"EXACT","Animalia","Chordata","Passeriformes","Tyrannidae","Myiozetetes","Myiozetetes similis",1,44,212,729,5291,2482912,2482913,"Aves",NA,NA,"Myiozetetes similis",57
5230589,"Nemosia pileata (Boddaert, 1783)","Nemosia pileata","SPECIES","ACCEPTED",99,"EXACT","Animalia","Chordata","Passeriformes","Thraupidae","Nemosia","Nemosia pileata",1,44,212,729,9352,2488256,5230589,"Aves",NA,NA,"Nemosia pileata",58
5229429,"Ortalis vetula (Wagler, 1830)","Ortalis vetula","SPECIES","ACCEPTED",99,"EXACT","Animalia","Chordata","Galliformes","Cracidae","Ortalis","Ortalis vetula",1,44,212,723,5237,2482229,5229429,"Aves",NA,NA,"Ortalis vetula",59
2489715,"Parula pitiayumi (Vieillot, 1817)","Parula pitiayumi","SPECIES","SYNONYM",98,"EXACT","Animalia","Chordata","Passeriformes","Parulidae","Setophaga","Setophaga pitiayumi",1,44,212,729,5263,2489984,7341895,"Aves",7341895,NA,"Parula pitiayumi",60
7820681,"Parus ater Linnaeus, 1758","Parus ater","SPECIES","SYNONYM",98,"EXACT","Animalia","Chordata","Passeriformes","Paridae","Periparus","Periparus ater",1,44,212,729,9327,7736104,2487871,"Aves",2487871,NA,"Parus ater",61
8191482,"Parus caeruleus Linnaeus, 1758","Parus caeruleus","SPECIES","SYNONYM",98,"EXACT","Animalia","Chordata","Passeriformes","Paridae","Cyanistes","Cyanistes caeruleus",1,44,212,729,9327,2487875,2487879,"Aves",2487879,NA,"Parus caeruleus",62
8203973,"Parus cristatus Linnaeus, 1758","Parus cristatus","SPECIES","SYNONYM",98,"EXACT","Animalia","Chordata","Passeriformes","Paridae","Lophophanes","Lophophanes cristatus",1,44,212,729,9327,2487881,2487883,"Aves",2487883,NA,"Parus cristatus",63
9705453,"Parus major Linnaeus, 1758","Parus major","SPECIES","ACCEPTED",99,"EXACT","Animalia","Chordata","Passeriformes","Paridae","Parus","Parus major",1,44,212,729,9327,2487923,9705453,"Aves",NA,NA,"Parus major",64
4409010,"Parus montanus Conrad von Baldenstein, 1827","Parus montanus","SPECIES","ACCEPTED",99,"EXACT","Animalia","Chordata","Passeriformes","Paridae","Parus","Parus montanus",1,44,212,729,9327,2487923,4409010,"Aves",NA,NA,"Parus montanus",65
8126684,"Parus palustris Linnaeus, 1758","Parus palustris","SPECIES","SYNONYM",98,"EXACT","Animalia","Chordata","Passeriformes","Paridae","Poecile","Poecile palustris",1,44,212,729,9327,2487782,2487843,"Aves",2487843,NA,"Parus palustris",66
2495303,"Patagioenas flavirostris (Wagler, 1831)","Patagioenas flavirostris","SPECIES","ACCEPTED",99,"EXACT","Animalia","Chordata","Columbiformes","Columbidae","Patagioenas","Patagioenas flavirostris",1,44,212,1446,5233,2495265,2495303,"Aves",NA,NA,"Patagioenas flavirostris",67
2495291,"Patagioenas squamosa (Bonnaterre, 1792)","Patagioenas squamosa","SPECIES","ACCEPTED",99,"EXACT","Animalia","Chordata","Columbiformes","Columbidae","Patagioenas","Patagioenas squamosa",1,44,212,1446,5233,2495265,2495291,"Aves",NA,NA,"Patagioenas squamosa",68
2482212,"Penelope obscura Temminck, 1815","Penelope obscura","SPECIES","ACCEPTED",99,"EXACT","Animalia","Chordata","Galliformes","Cracidae","Penelope","Penelope obscura",1,44,212,723,5237,2482191,2482212,"Aves",NA,NA,"Penelope obscura",69
5739315,"Phoenicurus ochruros (S.G.Gmelin, 1774)","Phoenicurus ochruros","SPECIES","ACCEPTED",99,"EXACT","Animalia","Chordata","Passeriformes","Muscicapidae","Phoenicurus","Phoenicurus ochruros",1,44,212,729,9322,5429347,5739315,"Aves",NA,NA,"Phoenicurus ochruros",70
5739317,"Phoenicurus phoenicurus (Linnaeus, 1758)","Phoenicurus phoenicurus","SPECIES","ACCEPTED",99,"EXACT","Animalia","Chordata","Passeriformes","Muscicapidae","Phoenicurus","Phoenicurus phoenicurus",1,44,212,729,9322,5429347,5739317,"Aves",NA,NA,"Phoenicurus phoenicurus",71
2493052,"Phylloscopus trochilus (Linnaeus, 1758)","Phylloscopus trochilus","SPECIES","ACCEPTED",99,"EXACT","Animalia","Chordata","Passeriformes","Phylloscopidae","Phylloscopus","Phylloscopus trochilus",1,44,212,729,6100963,2493047,2493052,"Aves",NA,NA,"Phylloscopus trochilus",72
5229490,"Pica pica (Linnaeus, 1758)","Pica pica","SPECIES","ACCEPTED",99,"EXACT","Animalia","Chordata","Passeriformes","Corvidae","Pica","Pica pica",1,44,212,729,5235,7237083,5229490,"Aves",NA,NA,"Pica pica",73
2488795,"Pipraeidea melanonota (Vieillot, 1819)","Pipraeidea melanonota","SPECIES","ACCEPTED",99,"EXACT","Animalia","Chordata","Passeriformes","Thraupidae","Pipraeidea","Pipraeidea melanonota",1,44,212,729,9352,2488794,2488795,"Aves",NA,NA,"Pipraeidea melanonota",74
2488485,"Piranga rubra (Linnaeus, 1758)","Piranga rubra","SPECIES","ACCEPTED",99,"EXACT","Animalia","Chordata","Passeriformes","Cardinalidae","Piranga","Piranga rubra",1,44,212,729,9285,2488483,2488485,"Aves",NA,NA,"Piranga rubra",75
2482755,"Pitangus sulphuratus (Linnaeus, 1766)","Pitangus sulphuratus","SPECIES","ACCEPTED",99,"EXACT","Animalia","Chordata","Passeriformes","Tyrannidae","Pitangus","Pitangus sulphuratus",1,44,212,729,5291,2482750,2482755,"Aves",NA,NA,"Pitangus sulphuratus",76
2478916,"Pogoniulus bilineatus (Sundevall, 1850)","Pogoniulus bilineatus","SPECIES","ACCEPTED",99,"EXACT","Animalia","Chordata","Piciformes","Lybiidae","Pogoniulus","Pogoniulus bilineatus",1,44,212,724,4849497,2478906,2478916,"Aves",NA,NA,"Pogoniulus bilineatus",77
2487029,"Prosthemadera novaeseelandiae (J.F.Gmelin, 1788)","Prosthemadera novaeseelandiae","SPECIES","ACCEPTED",99,"EXACT","Animalia","Chordata","Passeriformes","Meliphagidae","Prosthemadera","Prosthemadera novaeseelandiae",1,44,212,729,9319,2487028,2487029,"Aves",NA,NA,"Prosthemadera novaeseelandiae",78
2484246,"Psarocolius montezuma (Lesson, 1830)","Psarocolius montezuma","SPECIES","ACCEPTED",99,"EXACT","Animalia","Chordata","Passeriformes","Icteridae","Psarocolius","Psarocolius montezuma",1,44,212,729,6176,2484215,2484246,"Aves",NA,NA,"Psarocolius montezuma",79
2486147,"Pycnonotus barbatus (Desfontaines, 1789)","Pycnonotus barbatus","SPECIES","ACCEPTED",99,"EXACT","Animalia","Chordata","Passeriformes","Pycnonotidae","Pycnonotus","Pycnonotus barbatus",1,44,212,729,5277,2486114,2486147,"Aves",NA,NA,"Pycnonotus barbatus",80
2486131,"Pycnonotus cafer (Linnaeus, 1766)","Pycnonotus cafer","SPECIES","ACCEPTED",99,"EXACT","Animalia","Chordata","Passeriformes","Pycnonotidae","Pycnonotus","Pycnonotus cafer",1,44,212,729,5277,2486114,2486131,"Aves",NA,NA,"Pycnonotus cafer",81
7340244,"Pycnonotus flaviventris (Tickell, 1833)","Pycnonotus flaviventris","SPECIES","ACCEPTED",99,"EXACT","Animalia","Chordata","Passeriformes","Pycnonotidae","Pycnonotus","Pycnonotus flaviventris",1,44,212,729,5277,2486114,7340244,"Aves",NA,NA,"Pycnonotus flaviventris",82
2486151,"Pycnonotus jocosus (Linnaeus, 1758)","Pycnonotus jocosus","SPECIES","ACCEPTED",99,"EXACT","Animalia","Chordata","Passeriformes","Pycnonotidae","Pycnonotus","Pycnonotus jocosus",1,44,212,729,5277,2486114,2486151,"Aves",NA,NA,"Pycnonotus jocosus",83
2494543,"Pyrrhula pyrrhula (Linnaeus, 1758)","Pyrrhula pyrrhula","SPECIES","ACCEPTED",99,"EXACT","Animalia","Chordata","Passeriformes","Fringillidae","Pyrrhula","Pyrrhula pyrrhula",1,44,212,729,5242,2494529,2494543,"Aves",NA,NA,"Pyrrhula pyrrhula",84
9476062,"Quiscalus mexicanus (Gmelin, 1788)","Quiscalus mexicanus","SPECIES","ACCEPTED",99,"EXACT","Animalia","Chordata","Passeriformes","Icteridae","Quiscalus","Quiscalus mexicanus",1,44,212,729,6176,2484132,9476062,"Aves",NA,NA,"Quiscalus mexicanus",85
2478770,"Ramphastos dicolorus Linnaeus, 1766","Ramphastos dicolorus","SPECIES","ACCEPTED",99,"EXACT","Animalia","Chordata","Piciformes","Ramphastidae","Ramphastos","Ramphastos dicolorus",1,44,212,724,9343,2478764,2478770,"Aves",NA,NA,"Ramphastos dicolorus",86
2478765,"Ramphastos toco P.L.S.Müller, 1776","Ramphastos toco","SPECIES","ACCEPTED",99,"EXACT","Animalia","Chordata","Piciformes","Ramphastidae","Ramphastos","Ramphastos toco",1,44,212,724,9343,2478764,2478765,"Aves",NA,NA,"Ramphastos toco",87
2488442,"Ramphocelus carbo (Pallas, 1764)","Ramphocelus carbo","SPECIES","ACCEPTED",99,"EXACT","Animalia","Chordata","Passeriformes","Thraupidae","Ramphocelus","Ramphocelus carbo",1,44,212,729,9352,2488419,2488442,"Aves",NA,NA,"Ramphocelus carbo",88
5230959,"Saltator similis d'Orbigny & Lafresnaye, 1837","Saltator similis","SPECIES","ACCEPTED",99,"EXACT","Animalia","Chordata","Passeriformes","Thraupidae","Saltator","Saltator similis",1,44,212,729,9352,5428759,5230959,"Aves",NA,NA,"Saltator similis",89
2484916,"Sitta europaea Linnaeus, 1758","Sitta europaea","SPECIES","ACCEPTED",99,"EXACT","Animalia","Chordata","Passeriformes","Sittidae","Sitta","Sitta europaea",1,44,212,729,5283,2484878,2484916,"Aves",NA,NA,"Sitta europaea",90
2488378,"Spindalis portoricensis (H.Bryant, 1866)","Spindalis portoricensis","SPECIES","ACCEPTED",99,"EXACT","Animalia","Chordata","Passeriformes","Spindalidae","Spindalis","Spindalis portoricensis",1,44,212,729,9359828,2488376,2488378,"Aves",NA,NA,"Spindalis portoricensis",91
9809229,"Sturnus vulgaris Linnaeus, 1758","Sturnus vulgaris","SPECIES","ACCEPTED",99,"EXACT","Animalia","Chordata","Passeriformes","Sturnidae","Sturnus","Sturnus vulgaris",1,44,212,729,9350,2489099,9809229,"Aves",NA,NA,"Sturnus vulgaris",92
2492956,"Sylvia atricapilla (Linnaeus, 1758)","Sylvia atricapilla","SPECIES","ACCEPTED",99,"EXACT","Animalia","Chordata","Passeriformes","Sylviidae","Sylvia","Sylvia atricapilla",1,44,212,729,5285,2492941,2492956,"Aves",NA,NA,"Sylvia atricapilla",93
2492942,"Sylvia borin (Boddaert, 1783)","Sylvia borin","SPECIES","ACCEPTED",99,"EXACT","Animalia","Chordata","Passeriformes","Sylviidae","Sylvia","Sylvia borin",1,44,212,729,5285,2492941,2492942,"Aves",NA,NA,"Sylvia borin",94
2492950,"Sylvia cantillans (Pallas, 1764)","Sylvia cantillans","SPECIES","ACCEPTED",99,"EXACT","Animalia","Chordata","Passeriformes","Sylviidae","Sylvia","Sylvia cantillans",1,44,212,729,5285,2492941,2492950,"Aves",NA,NA,"Sylvia cantillans",95
2492943,"Sylvia communis Latham, 1787","Sylvia communis","SPECIES","ACCEPTED",99,"EXACT","Animalia","Chordata","Passeriformes","Sylviidae","Sylvia","Sylvia communis",1,44,212,729,5285,2492941,2492943,"Aves",NA,NA,"Sylvia communis",96
2492962,"Sylvia melanocephala (Gmelin, 1789)","Sylvia melanocephala","SPECIES","ACCEPTED",99,"EXACT","Animalia","Chordata","Passeriformes","Sylviidae","Sylvia","Sylvia melanocephala",1,44,212,729,5285,2492941,2492962,"Aves",NA,NA,"Sylvia melanocephala",97
2492949,"Sylvia undata (Boddaert, 1783)","Sylvia undata","SPECIES","ACCEPTED",99,"EXACT","Animalia","Chordata","Passeriformes","Sylviidae","Sylvia","Sylvia undata",1,44,212,729,5285,2492941,2492949,"Aves",NA,NA,"Sylvia undata",98
2488590,"Tachyphonus coronatus (Vieillot, 1822)","Tachyphonus coronatus","SPECIES","ACCEPTED",99,"EXACT","Animalia","Chordata","Passeriformes","Thraupidae","Tachyphonus","Tachyphonus coronatus",1,44,212,729,9352,2488565,2488590,"Aves",NA,NA,"Tachyphonus coronatus",99
2488583,"Tachyphonus rufus (Boddaert, 1783)","Tachyphonus rufus","SPECIES","ACCEPTED",99,"EXACT","Animalia","Chordata","Passeriformes","Thraupidae","Tachyphonus","Tachyphonus rufus",1,44,212,729,9352,2488565,2488583,"Aves",NA,NA,"Tachyphonus rufus",100
2488246,"Tangara cayana (Linnaeus, 1766)","Tangara cayana","SPECIES","SYNONYM",98,"EXACT","Animalia","Chordata","Passeriformes","Thraupidae","Stilpnia","Stilpnia cayana",1,44,212,729,9352,8198888,10895981,"Aves",10895981,NA,"Tangara cayana",101
2488242,"Tangara xanthocephala (Tschudi, 1844)","Tangara xanthocephala","SPECIES","ACCEPTED",99,"EXACT","Animalia","Chordata","Passeriformes","Thraupidae","Tangara","Tangara xanthocephala",1,44,212,729,9352,2488096,2488242,"Aves",NA,NA,"Tangara xanthocephala",102
2488692,"Thlypopsis sordida (d'Orbigny & Lafresnaye, 1837)","Thlypopsis sordida","SPECIES","ACCEPTED",99,"EXACT","Animalia","Chordata","Passeriformes","Thraupidae","Thlypopsis","Thlypopsis sordida",1,44,212,729,9352,2488683,2488692,"Aves",NA,NA,"Thlypopsis sordida",103
2488634,"Thraupis cyanocephala (d'Orbigny & Lafresnaye, 1837)","Thraupis cyanocephala","SPECIES","SYNONYM",98,"EXACT","Animalia","Chordata","Passeriformes","Thraupidae","Sporathraupis","Sporathraupis cyanocephala",1,44,212,729,9352,4845721,8965072,"Aves",8965072,NA,"Thraupis cyanocephala",104
2488602,"Thraupis episcopus (Linnaeus, 1766)","Thraupis episcopus","SPECIES","ACCEPTED",99,"EXACT","Animalia","Chordata","Passeriformes","Thraupidae","Thraupis","Thraupis episcopus",1,44,212,729,9352,2488600,2488602,"Aves",NA,NA,"Thraupis episcopus",105
9436876,"Thraupis palmarum (Wied-Neuwied, 1821)","Thraupis palmarum","SPECIES","ACCEPTED",99,"EXACT","Animalia","Chordata","Passeriformes","Thraupidae","Thraupis","Thraupis palmarum",1,44,212,729,9352,2488600,9436876,"Aves",NA,NA,"Thraupis palmarum",106
2488622,"Thraupis sayaca (Linnaeus, 1766)","Thraupis sayaca","SPECIES","ACCEPTED",99,"EXACT","Animalia","Chordata","Passeriformes","Thraupidae","Thraupis","Thraupis sayaca",1,44,212,729,9352,2488600,2488622,"Aves",NA,NA,"Thraupis sayaca",107
2486483,"Tityra cayana (Linnaeus, 1766)","Tityra cayana","SPECIES","ACCEPTED",99,"EXACT","Animalia","Chordata","Passeriformes","Cotingidae","Tityra","Tityra cayana",1,44,212,729,5236,2486465,2486483,"Aves",NA,NA,"Tityra cayana",108
2486467,"Tityra semifasciata (Spix, 1825)","Tityra semifasciata","SPECIES","ACCEPTED",99,"EXACT","Animalia","Chordata","Passeriformes","Cotingidae","Tityra","Tityra semifasciata",1,44,212,729,5236,2486465,2486467,"Aves",NA,NA,"Tityra semifasciata",109
2488778,"Trichothraupis melanops (Vieillot, 1818)","Trichothraupis melanops","SPECIES","ACCEPTED",99,"EXACT","Animalia","Chordata","Passeriformes","Thraupidae","Trichothraupis","Trichothraupis melanops",1,44,212,729,9352,2488777,2488778,"Aves",NA,NA,"Trichothraupis melanops",110
2496699,"Trogon melanocephalus Gould, 1836","Trogon melanocephalus","SPECIES","ACCEPTED",99,"EXACT","Animalia","Chordata","Trogoniformes","Trogonidae","Trogon","Trogon melanocephalus",1,44,212,1449,9356,2496633,2496699,"Aves",NA,NA,"Trogon melanocephalus",111
2490782,"Turdus albicollis Vieillot, 1818","Turdus albicollis","SPECIES","ACCEPTED",99,"EXACT","Animalia","Chordata","Passeriformes","Turdidae","Turdus","Turdus albicollis",1,44,212,729,5290,2490714,2490782,"Aves",NA,NA,"Turdus albicollis",112
2490752,"Turdus amaurochalinus Cabanis, 1850","Turdus amaurochalinus","SPECIES","ACCEPTED",99,"EXACT","Animalia","Chordata","Passeriformes","Turdidae","Turdus","Turdus amaurochalinus",1,44,212,729,5290,2490714,2490752,"Aves",NA,NA,"Turdus amaurochalinus",113
7342122,"Turdus flavipes Vieillot, 1818","Turdus flavipes","SPECIES","ACCEPTED",99,"EXACT","Animalia","Chordata","Passeriformes","Turdidae","Turdus","Turdus flavipes",1,44,212,729,5290,2490714,7342122,"Aves",NA,NA,"Turdus flavipes",114
2490716,"Turdus grayi Bonaparte, 1838","Turdus grayi","SPECIES","ACCEPTED",99,"EXACT","Animalia","Chordata","Passeriformes","Turdidae","Turdus","Turdus grayi",1,44,212,729,5290,2490714,2490716,"Aves",NA,NA,"Turdus grayi",115
2490781,"Turdus iliacus Linnaeus, 1758","Turdus iliacus","SPECIES","ACCEPTED",99,"EXACT","Animalia","Chordata","Passeriformes","Turdidae","Turdus","Turdus iliacus",1,44,212,729,5290,2490714,2490781,"Aves",NA,NA,"Turdus iliacus",116
2490726,"Turdus leucomelas Vieillot, 1818","Turdus leucomelas","SPECIES","ACCEPTED",99,"EXACT","Animalia","Chordata","Passeriformes","Turdidae","Turdus","Turdus leucomelas",1,44,212,729,5290,2490714,2490726,"Aves",NA,NA,"Turdus leucomelas",117
2490719,"Turdus merula Linnaeus, 1758","Turdus merula","SPECIES","ACCEPTED",99,"EXACT","Animalia","Chordata","Passeriformes","Turdidae","Turdus","Turdus merula",1,44,212,729,5290,2490714,2490719,"Aves",NA,NA,"Turdus merula",118
2490783,"Turdus nigriceps Cabanis, 1874","Turdus nigriceps","SPECIES","ACCEPTED",99,"EXACT","Animalia","Chordata","Passeriformes","Turdidae","Turdus","Turdus nigriceps",1,44,212,729,5290,2490714,2490783,"Aves",NA,NA,"Turdus nigriceps",119
7901064,"Turdus philomelos C.L.Brehm, 1831","Turdus philomelos","SPECIES","ACCEPTED",99,"EXACT","Animalia","Chordata","Passeriformes","Turdidae","Turdus","Turdus philomelos",1,44,212,729,5290,2490714,7901064,"Aves",NA,NA,"Turdus philomelos",120
2490737,"Turdus pilaris Linnaeus, 1758","Turdus pilaris","SPECIES","ACCEPTED",99,"EXACT","Animalia","Chordata","Passeriformes","Turdidae","Turdus","Turdus pilaris",1,44,212,729,5290,2490714,2490737,"Aves",NA,NA,"Turdus pilaris",121
2490718,"Turdus rufiventris Vieillot, 1818","Turdus rufiventris","SPECIES","ACCEPTED",99,"EXACT","Animalia","Chordata","Passeriformes","Turdidae","Turdus","Turdus rufiventris",1,44,212,729,5290,2490714,2490718,"Aves",NA,NA,"Turdus rufiventris",122
2490784,"Turdus serranus Tschudi, 1844","Turdus serranus","SPECIES","ACCEPTED",99,"EXACT","Animalia","Chordata","Passeriformes","Turdidae","Turdus","Turdus serranus",1,44,212,729,5290,2490714,2490784,"Aves",NA,NA,"Turdus serranus",123
7865305,"Turdus torquatus Linnaeus, 1758","Turdus torquatus","SPECIES","ACCEPTED",99,"EXACT","Animalia","Chordata","Passeriformes","Turdidae","Turdus","Turdus torquatus",1,44,212,729,5290,2490714,7865305,"Aves",NA,NA,"Turdus torquatus",124
2490774,"Turdus viscivorus Linnaeus, 1758","Turdus viscivorus","SPECIES","ACCEPTED",99,"EXACT","Animalia","Chordata","Passeriformes","Turdidae","Turdus","Turdus viscivorus",1,44,212,729,5290,2490714,2490774,"Aves",NA,NA,"Turdus viscivorus",125
5229678,"Tyrannus dominicensis (Gmelin, 1788)","Tyrannus dominicensis","SPECIES","ACCEPTED",99,"EXACT","Animalia","Chordata","Passeriformes","Tyrannidae","Tyrannus","Tyrannus dominicensis",1,44,212,729,5291,2483336,5229678,"Aves",NA,NA,"Tyrannus dominicensis",126
5229687,"Tyrannus forficatus (Gmelin, 1789)","Tyrannus forficatus","SPECIES","ACCEPTED",99,"EXACT","Animalia","Chordata","Passeriformes","Tyrannidae","Tyrannus","Tyrannus forficatus",1,44,212,729,5291,2483336,5229687,"Aves",NA,NA,"Tyrannus forficatus",127
5229662,"Tyrannus melancholicus Vieillot, 1819","Tyrannus melancholicus","SPECIES","ACCEPTED",99,"EXACT","Animalia","Chordata","Passeriformes","Tyrannidae","Tyrannus","Tyrannus melancholicus",1,44,212,729,5291,2483336,5229662,"Aves",NA,NA,"Tyrannus melancholicus",128
5229693,"Tyrannus savana Vieillot, 1808","Tyrannus savana","SPECIES","ACCEPTED",98,"EXACT","Animalia","Chordata","Passeriformes","Tyrannidae","Tyrannus","Tyrannus savana",1,44,212,729,5291,2483336,5229693,"Aves",NA,NA,"Tyrannus savana",129
2487463,"Vireo altiloquus (Vieillot, 1808)","Vireo altiloquus","SPECIES","ACCEPTED",99,"EXACT","Animalia","Chordata","Passeriformes","Vireonidae","Vireo","Vireo altiloquus",1,44,212,729,9358,2487406,2487463,"Aves",NA,NA,"Vireo altiloquus",130
2487430,"Vireo olivaceus (Linnaeus, 1766)","Vireo olivaceus","SPECIES","ACCEPTED",99,"EXACT","Animalia","Chordata","Passeriformes","Vireonidae","Vireo","Vireo olivaceus",1,44,212,729,9358,2487406,2487430,"Aves",NA,NA,"Vireo olivaceus",131
2487456,"Vireo solitarius (A.Wilson, 1810)","Vireo solitarius","SPECIES","ACCEPTED",99,"EXACT","Animalia","Chordata","Passeriformes","Vireonidae","Vireo","Vireo solitarius",1,44,212,729,9358,2487406,2487456,"Aves",NA,NA,"Vireo solitarius",132
5231103,"Zonotrichia capensis (P.L.S.Müller, 1776)","Zonotrichia capensis","SPECIES","ACCEPTED",99,"EXACT","Animalia","Chordata","Passeriformes","Passerellidae","Zonotrichia","Zonotrichia capensis",1,44,212,729,9410667,6173226,5231103,"Aves",NA,NA,"Zonotrichia capensis",133
9300456,"Zosterops japonicus Temminck & Schlegel, 1845","Zosterops japonicus","SPECIES","ACCEPTED",99,"EXACT","Animalia","Chordata","Passeriformes","Zosteropidae","Zosterops","Zosterops japonicus",1,44,212,729,9359,2489340,9300456,"Aves",NA,NA,"Zosterops japonicus",134
2489396,"Zosterops lateralis (Latham, 1802)","Zosterops lateralis","SPECIES","ACCEPTED",99,"EXACT","Animalia","Chordata","Passeriformes","Zosteropidae","Zosterops","Zosterops lateralis",1,44,212,729,9359,2489340,2489396,"Aves",NA,NA,"Zosterops lateralis",135
2476730,"Clytolaema rubricauda (Boddaert, 1783)","Clytolaema rubricauda","SPECIES","ACCEPTED",99,"EXACT","Animalia","Chordata","Apodiformes","Trochilidae","Clytolaema","Clytolaema rubricauda",1,44,212,1448,5289,2476729,2476730,"Aves",NA,NA,"Clytolaema rubricauda",136
2476193,"Florisuga fusca (Vieillot, 1817)","Florisuga fusca","SPECIES","ACCEPTED",99,"EXACT","Animalia","Chordata","Apodiformes","Trochilidae","Florisuga","Florisuga fusca",1,44,212,1448,5289,2476192,2476193,"Aves",NA,NA,"Florisuga fusca",137
2476592,"Phaethornis eurynome (R.Lesson, 1832)","Phaethornis eurynome","SPECIES","ACCEPTED",99,"EXACT","Animalia","Chordata","Apodiformes","Trochilidae","Phaethornis","Phaethornis eurynome",1,44,212,1448,5289,2476571,2476592,"Aves",NA,NA,"Phaethornis eurynome",138
2476548,"Thalurania glaucopis (J.F.Gmelin, 1788)","Thalurania glaucopis","SPECIES","ACCEPTED",99,"EXACT","Animalia","Chordata","Apodiformes","Trochilidae","Thalurania","Thalurania glaucopis",1,44,212,1448,5289,2476526,2476548,"Aves",NA,NA,"Thalurania glaucopis",139
1907711,"Agraulis vanillae (Linnaeus, 1758)","Agraulis vanillae","SPECIES","SYNONYM",98,"EXACT","Animalia","Arthropoda","Lepidoptera","Nymphalidae","Dione","Dione vanillae",1,54,216,797,7017,1897643,11701883,"Insecta",11701883,NA,"Agraulis vanillae",140
1341976,"Apis mellifera Linnaeus, 1758","Apis mellifera","SPECIES","ACCEPTED",99,"EXACT","Animalia","Arthropoda","Hymenoptera","Apidae","Apis","Apis mellifera",1,54,216,1457,4334,1334757,1341976,"Insecta",NA,NA,"Apis mellifera",141
1352810,"Augochlora semiramis (Schrottky, 1910)","Augochlora semiramis","SPECIES","ACCEPTED",99,"EXACT","Animalia","Arthropoda","Hymenoptera","Halictidae","Augochlora","Augochlora semiramis",1,54,216,1457,7908,1352768,1352810,"Insecta",NA,NA,"Augochlora semiramis",143
1352580,"Augochlorella ephyra (Schrottky, 1910)","Augochlorella ephyra","SPECIES","ACCEPTED",99,"EXACT","Animalia","Arthropoda","Hymenoptera","Halictidae","Augochlorella","Augochlorella ephyra",1,54,216,1457,7908,1352571,1352580,"Insecta",NA,NA,"Augochlorella ephyra",144
1340391,"Bombus bellicosus Smith, 1879","Bombus bellicosus","SPECIES","ACCEPTED",99,"EXACT","Animalia","Arthropoda","Hymenoptera","Apidae","Bombus","Bombus bellicosus",1,54,216,1457,4334,1340278,1340391,"Insecta",NA,NA,"Bombus bellicosus",145
1502215,"Cochliomyia macellaria (Fabricius, 1775)","Cochliomyia macellaria","SPECIES","ACCEPTED",99,"EXACT","Animalia","Arthropoda","Diptera","Calliphoridae","Cochliomyia","Cochliomyia macellaria",1,54,216,811,3335,1502207,1502215,"Insecta",NA,NA,"Cochliomyia macellaria",148
1949639,"Corticea immocerinus (Hayward, 1934)","Corticea immocerinus","SPECIES","ACCEPTED",96,"FUZZY","Animalia","Arthropoda","Lepidoptera","Hesperiidae","Corticea","Corticea immocerinus",1,54,216,797,6953,1949632,1949639,"Insecta",NA,NA,"Corticea immocerina",149
1894342,"Euptoieta claudia (Cramer, 1775)","Euptoieta claudia","SPECIES","ACCEPTED",99,"HIGHERRANK","Animalia","Arthropoda","Lepidoptera","Nymphalidae","Euptoieta","Euptoieta claudia",1,54,216,797,7017,1894323,1894342,"Insecta",NA,NA,"Euptoieta claudia hortensia",150
1949451,"Lerodea eufala (Edwards, 1869)","Lerodea eufala","SPECIES","ACCEPTED",99,"EXACT","Animalia","Arthropoda","Lepidoptera","Hesperiidae","Lerodea","Lerodea eufala",1,54,216,797,6953,1949446,1949451,"Insecta",NA,NA,"Lerodea eufala",151
5063973,"Lucilia sericata (Meigen, 1826)","Lucilia sericata","SPECIES","ACCEPTED",99,"EXACT","Animalia","Arthropoda","Diptera","Calliphoridae","Lucilia","Lucilia sericata",1,54,216,811,3335,1502875,5063973,"Insecta",NA,NA,"Lucilia sericata",152
1309846,"Mischocyttarus drewseni (de Saussure, 1954)","Mischocyttarus drewseni","SPECIES","ACCEPTED",99,"EXACT","Animalia","Arthropoda","Hymenoptera","Vespidae","Mischocyttarus","Mischocyttarus drewseni",1,54,216,1457,4490,1309719,1309846,"Insecta",NA,NA,"Mischocyttarus drewseni",153
1893381,"Pampasatyrus gyrtone Berg, 1878","Pampasatyrus gyrtone","SPECIES","ACCEPTED",99,"EXACT","Animalia","Arthropoda","Lepidoptera","Nymphalidae","Pampasatyrus","Pampasatyrus gyrtone",1,54,216,797,7017,1893378,1893381,"Insecta",NA,NA,"Pampasatyrus gyrtone",154
5032770,"Polybia scutellaris (White, 1841)","Polybia scutellaris","SPECIES","ACCEPTED",99,"EXACT","Animalia","Arthropoda","Hymenoptera","Eumenidae","Polybia","Polybia scutellaris",1,54,216,1457,4240,7235975,5032770,"Insecta",NA,NA,"Polybia scutellaris",155
1946326,"Thespieus catochra (Plötz, 1882)","Thespieus catochra","SPECIES","ACCEPTED",99,"EXACT","Animalia","Arthropoda","Lepidoptera","Hesperiidae","Thespieus","Thespieus catochra",1,54,216,797,6953,1946282,1946326,"Insecta",NA,NA,"Thespieus catochra",156
1342259,"Xylocopa ciliata Burmeister, 1876","Xylocopa ciliata","SPECIES","ACCEPTED",99,"EXACT","Animalia","Arthropoda","Hymenoptera","Apidae","Xylocopa","Xylocopa ciliata",1,54,216,1457,4334,1342048,1342259,"Insecta",NA,NA,"Xylocopa ciliata",157
1310057,"Brachygastra lecheguana (Latreille, 1824)","Brachygastra lecheguana","SPECIES","ACCEPTED",95,"FUZZY","Animalia","Arthropoda","Hymenoptera","Vespidae","Brachygastra","Brachygastra lecheguana",1,54,216,1457,4490,1310045,1310057,"Insecta",NA,NA,"Brachygastra lechiguana",159
1352002,"Ruizantheda divaricata (Vachal, 1903)","Ruizantheda divaricata","SPECIES","ACCEPTED",99,"EXACT","Animalia","Arthropoda","Hymenoptera","Halictidae","Ruizantheda","Ruizantheda divaricata",1,54,216,1457,7908,1352000,1352002,"Insecta",NA,NA,"Ruizantheda divaricata",160
10411472,"Strymon eurytulus","Strymon eurytulus","SPECIES","ACCEPTED",99,"EXACT","Animalia","Arthropoda","Lepidoptera","Lycaenidae","Strymon","Strymon eurytulus",1,54,216,797,5473,1925423,10411472,"Insecta",NA,NA,"Strymon eurytulus",161
1342364,"Xylocopa augusti Lepeletier, 1841","Xylocopa augusti","SPECIES","ACCEPTED",99,"EXACT","Animalia","Arthropoda","Hymenoptera","Apidae","Xylocopa","Xylocopa augusti",1,54,216,1457,4334,1342048,1342364,"Insecta",NA,NA,"Xylocopa augusti",162
1344940,"Melissoptila tandilensis Holmberg, 1884","Melissoptila tandilensis","SPECIES","ACCEPTED",99,"EXACT","Animalia","Arthropoda","Hymenoptera","Apidae","Melissoptila","Melissoptila tandilensis",1,54,216,1457,4334,1344930,1344940,"Insecta",NA,NA,"Melissoptila tandilensis",163
1541217,"Eristalis tenax (Linnaeus, 1758)","Eristalis tenax","SPECIES","ACCEPTED",99,"EXACT","Animalia","Arthropoda","Diptera","Syrphidae","Eristalis","Eristalis tenax",1,54,216,811,6920,1491190,1541217,"Insecta",NA,NA,"Eristalis tenax",164
1340301,"Bombus lapidarius (Linnaeus, 1758)","Bombus lapidarius","SPECIES","ACCEPTED",99,"EXACT","Animalia","Arthropoda","Hymenoptera","Apidae","Bombus","Bombus lapidarius",1,54,216,1457,4334,1340278,1340301,"Insecta",NA,NA,"Bombus lapidarius",165
1340405,"Bombus pascuorum (Scopoli, 1763)","Bombus pascuorum","SPECIES","ACCEPTED",99,"EXACT","Animalia","Arthropoda","Hymenoptera","Apidae","Bombus","Bombus pascuorum",1,54,216,1457,4334,1340278,1340405,"Insecta",NA,NA,"Bombus pascuorum",166
5135513,"Maniola jurtina (Linnaeus, 1758)","Maniola jurtina","SPECIES","ACCEPTED",99,"EXACT","Animalia","Arthropoda","Lepidoptera","Nymphalidae","Maniola","Maniola jurtina",1,54,216,797,7017,5135400,5135513,"Insecta",NA,NA,"Maniola jurtina",167
5140214,"Polyommatus icarus (von Rottemburg, 1775)","Polyommatus icarus","SPECIES","ACCEPTED",97,"EXACT","Animalia","Arthropoda","Lepidoptera","Lycaenidae","Polyommatus","Polyommatus icarus",1,54,216,797,5473,1933268,5140214,"Insecta",NA,NA,"Polyommatus icarus ",168
1340503,"Bombus terrestris (Linnaeus, 1758)","Bombus terrestris","SPECIES","ACCEPTED",99,"EXACT","Animalia","Arthropoda","Hymenoptera","Apidae","Bombus","Bombus terrestris",1,54,216,1457,4334,1340278,1340503,"Insecta",NA,NA,"Bombus terrestris",169
1536449,"Episyrphus balteatus (De Geer, 1776)","Episyrphus balteatus","SPECIES","ACCEPTED",99,"EXACT","Animalia","Arthropoda","Diptera","Syrphidae","Episyrphus","Episyrphus balteatus",1,54,216,811,6920,1536427,1536449,"Insecta",NA,NA,"Episyrphus balteatus",170
5766556,"Melanostoma scalare (Fabricius, 1794)","Melanostoma scalare","SPECIES","ACCEPTED",99,"EXACT","Animalia","Arthropoda","Diptera","Syrphidae","Melanostoma","Melanostoma scalare",1,54,216,811,6920,1533169,5766556,"Insecta",NA,NA,"Melanostoma scalare",171
1340541,"Bombus ardens Smith, 1879","Bombus ardens","SPECIES","ACCEPTED",99,"EXACT","Animalia","Arthropoda","Hymenoptera","Apidae","Bombus","Bombus ardens",1,54,216,1457,4334,1340278,1340541,"Insecta",NA,NA,"Bombus ardens",172
5040088,"Ceratina flavipes Smith, 1879","Ceratina flavipes","SPECIES","ACCEPTED",99,"EXACT","Animalia","Arthropoda","Hymenoptera","Apidae","Ceratina","Ceratina flavipes",1,54,216,1457,4334,1341198,5040088,"Insecta",NA,NA,"Ceratina flavipes ",173
1539193,"Sphaerophoria macrogaster (Thomson, 1869)","Sphaerophoria macrogaster","SPECIES","ACCEPTED",99,"EXACT","Animalia","Arthropoda","Diptera","Syrphidae","Sphaerophoria","Sphaerophoria macrogaster",1,54,216,811,6920,1539106,1539193,"Insecta",NA,NA,"Sphaerophoria macrogaster ",174
